дата,дата_время,тип_оплаты,карта,сумма,название_кофе
2026-03-01,2026-03-01 10:15:50.520,карта,ANON-0000-0000-0001,38.7,Латте
2026-03-01,2026-03-01 12:19:22.539,карта,ANON-0000-0000-0002,38.7,Горячий шоколад
2026-03-01,2026-03-01 12:20:18.089,карта,ANON-0000-0000-0002,38.7,Горячий шоколад
2026-03-01,2026-03-01 13:46:33.006,карта,ANON-0000-0000-0003,28.9,Американо
2026-03-01,2026-03-01 13:48:14.626,карта,ANON-0000-0000-0004,38.7,Латте
2026-03-01,2026-03-01 15:39:47.726,карта,ANON-0000-0000-0005,33.8,Американо с молоком
2026-03-01,2026-03-01 16:19:02.756,карта,ANON-0000-0000-0006,38.7,Горячий шоколад
2026-03-01,2026-03-01 18:39:03.580,карта,ANON-0000-0000-0007,33.8,Американо с молоком
2026-03-01,2026-03-01 19:22:01.762,карта,ANON-0000-0000-0008,38.7,Какао
2026-03-01,2026-03-01 19:23:15.887,карта,ANON-0000-0000-0008,33.8,Американо с молоком
2026-03-01,2026-03-01 19:29:17.391,карта,ANON-0000-0000-0009,33.8,Американо с молоком
2026-03-02,2026-03-02 10:22:06.957,карта,ANON-0000-0000-0010,28.9,Американо
2026-03-02,2026-03-02 10:30:35.668,наличные,,40.0,Латте
2026-03-02,2026-03-02 10:41:41.249,карта,ANON-0000-0000-0011,33.8,Американо с молоком
2026-03-02,2026-03-02 11:59:45.484,карта,ANON-0000-0000-0012,33.8,Американо с молоком
2026-03-02,2026-03-02 14:38:35.535,карта,ANON-0000-0000-0013,28.9,Американо
2026-03-02,2026-03-02 16:37:24.475,карта,ANON-0000-0000-0014,33.8,Американо с молоком
2026-03-02,2026-03-02 17:34:54.969,карта,ANON-0000-0000-0004,28.9,Американо
2026-03-03,2026-03-03 10:10:43.981,наличные,,40.0,Латте
2026-03-03,2026-03-03 10:27:18.561,карта,ANON-0000-0000-0015,38.7,Латте
2026-03-03,2026-03-03 11:33:56.118,карта,ANON-0000-0000-0016,28.9,Кортадо
2026-03-03,2026-03-03 12:26:56.098,карта,ANON-0000-0000-0012,28.9,Американо
2026-03-03,2026-03-03 13:09:36.321,карта,ANON-0000-0000-0017,38.7,Горячий шоколад
2026-03-03,2026-03-03 17:06:40.271,карта,ANON-0000-0000-0018,38.7,Какао
2026-03-03,2026-03-03 17:08:45.895,карта,ANON-0000-0000-0019,28.9,Кортадо
2026-03-03,2026-03-03 18:03:23.369,карта,ANON-0000-0000-0020,33.8,Американо с молоком
2026-03-03,2026-03-03 18:04:27.946,карта,ANON-0000-0000-0020,33.8,Американо с молоком
2026-03-03,2026-03-03 18:08:04.959,карта,ANON-0000-0000-0020,38.7,Горячий шоколад
2026-03-04,2026-03-04 10:03:51.994,карта,ANON-0000-0000-0001,38.7,Латте
2026-03-04,2026-03-04 10:54:50.958,карта,ANON-0000-0000-0021,38.7,Латте
2026-03-04,2026-03-04 11:05:16.184,карта,ANON-0000-0000-0012,33.8,Американо с молоком
2026-03-04,2026-03-04 14:04:37.734,карта,ANON-0000-0000-0022,24.0,Эспрессо
2026-03-05,2026-03-05 09:59:52.651,карта,ANON-0000-0000-0001,38.7,Латте
2026-03-05,2026-03-05 14:34:55.963,карта,ANON-0000-0000-0023,38.7,Латте
2026-03-05,2026-03-05 17:34:06.043,карта,ANON-0000-0000-0024,38.7,Латте
2026-03-05,2026-03-05 17:35:25.021,карта,ANON-0000-0000-0025,38.7,Горячий шоколад
2026-03-05,2026-03-05 17:36:28.571,карта,ANON-0000-0000-0026,38.7,Какао
2026-03-05,2026-03-05 17:37:13.659,карта,ANON-0000-0000-0027,38.7,Горячий шоколад
2026-03-05,2026-03-05 17:38:09.354,карта,ANON-0000-0000-0009,38.7,Горячий шоколад
2026-03-05,2026-03-05 17:56:15.776,карта,ANON-0000-0000-0028,28.9,Кортадо
2026-03-05,2026-03-05 18:01:31.242,карта,ANON-0000-0000-0028,38.7,Горячий шоколад
2026-03-06,2026-03-06 12:30:27.089,наличные,,35.0,Американо с молоком
2026-03-06,2026-03-06 13:24:07.667,карта,ANON-0000-0000-0012,28.9,Американо
2026-03-06,2026-03-06 13:25:14.351,карта,ANON-0000-0000-0012,28.9,Кортадо
2026-03-06,2026-03-06 14:52:01.761,карта,ANON-0000-0000-0029,38.7,Капучино
2026-03-06,2026-03-06 14:53:18.344,карта,ANON-0000-0000-0029,38.7,Капучино
2026-03-07,2026-03-07 10:08:58.945,наличные,,40.0,Латте
2026-03-07,2026-03-07 10:18:40.543,карта,ANON-0000-0000-0030,38.7,Горячий шоколад
2026-03-07,2026-03-07 11:03:58.976,карта,ANON-0000-0000-0031,38.7,Латте
2026-03-07,2026-03-07 11:25:43.977,наличные,,40.0,Латте
2026-03-07,2026-03-07 15:40:22.606,карта,ANON-0000-0000-0032,28.9,Американо
2026-03-07,2026-03-07 15:41:28.784,карта,ANON-0000-0000-0033,33.8,Американо с молоком
2026-03-08,2026-03-08 10:34:41.283,карта,ANON-0000-0000-0012,28.9,Кортадо
2026-03-08,2026-03-08 12:22:28.653,карта,ANON-0000-0000-0034,38.7,Капучино
2026-03-08,2026-03-08 13:53:02.042,карта,ANON-0000-0000-0035,28.9,Американо
2026-03-08,2026-03-08 14:44:12.686,карта,ANON-0000-0000-0012,28.9,Американо
2026-03-08,2026-03-08 14:45:11.048,карта,ANON-0000-0000-0033,28.9,Американо
2026-03-08,2026-03-08 14:46:11.155,карта,ANON-0000-0000-0012,33.8,Американо с молоком
2026-03-08,2026-03-08 18:57:51.451,карта,ANON-0000-0000-0036,38.7,Латте
2026-03-08,2026-03-08 18:59:24.941,карта,ANON-0000-0000-0037,38.7,Латте
2026-03-09,2026-03-09 11:49:37.292,наличные,,40.0,Горячий шоколад
2026-03-09,2026-03-09 12:05:15.559,карта,ANON-0000-0000-0038,24.0,Эспрессо
2026-03-09,2026-03-09 12:07:38.275,карта,ANON-0000-0000-0039,28.9,Американо
2026-03-09,2026-03-09 12:09:47.714,карта,ANON-0000-0000-0012,38.7,Капучино
2026-03-09,2026-03-09 12:13:03.521,карта,ANON-0000-0000-0040,28.9,Американо
2026-03-09,2026-03-09 12:14:26.458,карта,ANON-0000-0000-0040,28.9,Американо
2026-03-09,2026-03-09 13:09:22.229,карта,ANON-0000-0000-0041,38.7,Латте
2026-03-09,2026-03-09 13:41:06.167,карта,ANON-0000-0000-0042,33.8,Американо с молоком
2026-03-09,2026-03-09 13:53:10.408,карта,ANON-0000-0000-0043,28.9,Кортадо
2026-03-09,2026-03-09 13:54:36.828,карта,ANON-0000-0000-0043,38.7,Капучино
2026-03-09,2026-03-09 14:08:01.829,карта,ANON-0000-0000-0009,33.8,Американо с молоком
2026-03-09,2026-03-09 14:26:52.873,карта,ANON-0000-0000-0044,38.7,Горячий шоколад
2026-03-09,2026-03-09 19:17:57.572,карта,ANON-0000-0000-0009,38.7,Капучино
2026-03-09,2026-03-09 19:19:10.084,карта,ANON-0000-0000-0009,38.7,Горячий шоколад
2026-03-10,2026-03-10 07:44:18.538,наличные,,30.0,Американо
2026-03-10,2026-03-10 07:45:29.441,наличные,,35.0,Американо с молоком
2026-03-10,2026-03-10 10:06:02.960,наличные,,40.0,Латте
2026-03-10,2026-03-10 11:19:20.764,карта,ANON-0000-0000-0045,24.0,Эспрессо
2026-03-10,2026-03-10 17:51:03.048,наличные,,35.0,Американо с молоком
2026-03-10,2026-03-10 19:34:00.478,карта,ANON-0000-0000-0046,38.7,Латте
2026-03-10,2026-03-10 19:35:54.712,карта,ANON-0000-0000-0046,28.9,Кортадо
2026-03-11,2026-03-11 10:18:46.724,наличные,,40.0,Латте
2026-03-11,2026-03-11 11:24:15.022,наличные,,40.0,Капучино
2026-03-11,2026-03-11 11:24:51.565,наличные,,30.0,Кортадо
2026-03-11,2026-03-11 11:26:44.221,наличные,,30.0,Американо
2026-03-11,2026-03-11 11:32:58.781,карта,ANON-0000-0000-0035,38.7,Капучино
2026-03-11,2026-03-11 16:24:26.401,карта,ANON-0000-0000-0047,28.9,Американо
2026-03-11,2026-03-11 16:25:45.664,карта,ANON-0000-0000-0047,38.7,Латте
2026-03-11,2026-03-11 16:50:49.608,карта,ANON-0000-0000-0048,28.9,Кортадо
2026-03-12,2026-03-12 10:15:00.297,наличные,,40.0,Латте
2026-03-12,2026-03-12 10:15:34.543,карта,ANON-0000-0000-0033,28.9,Американо
2026-03-12,2026-03-12 10:16:24.886,карта,ANON-0000-0000-0033,28.9,Кортадо
2026-03-12,2026-03-12 11:20:45.632,карта,ANON-0000-0000-0049,38.7,Горячий шоколад
2026-03-12,2026-03-12 12:46:23.275,карта,ANON-0000-0000-0004,33.8,Американо с молоком
2026-03-12,2026-03-12 12:47:26.027,карта,ANON-0000-0000-0004,28.9,Американо
2026-03-12,2026-03-12 16:15:43.325,карта,ANON-0000-0000-0050,28.9,Американо
2026-03-13,2026-03-13 11:06:43.038,карта,ANON-0000-0000-0048,38.7,Горячий шоколад
2026-03-13,2026-03-13 11:48:16.753,карта,ANON-0000-0000-0004,28.9,Американо
2026-03-13,2026-03-13 12:18:06.336,карта,ANON-0000-0000-0051,28.9,Американо
2026-03-13,2026-03-13 12:19:05.128,карта,ANON-0000-0000-0051,28.9,Американо
2026-03-13,2026-03-13 12:34:30.315,наличные,,25.0,Эспрессо
2026-03-13,2026-03-13 14:26:40.875,карта,ANON-0000-0000-0052,33.8,Американо с молоком
2026-03-13,2026-03-13 15:40:22.261,карта,ANON-0000-0000-0053,24.0,Эспрессо
2026-03-13,2026-03-13 15:41:20.424,карта,ANON-0000-0000-0053,24.0,Эспрессо
2026-03-13,2026-03-13 16:47:09.373,карта,ANON-0000-0000-0054,24.0,Эспрессо
2026-03-14,2026-03-14 10:02:12.241,наличные,,40.0,Латте
2026-03-14,2026-03-14 10:28:33.017,карта,ANON-0000-0000-0055,38.7,Латте
2026-03-14,2026-03-14 10:29:34.283,карта,ANON-0000-0000-0055,38.7,Горячий шоколад
2026-03-14,2026-03-14 13:27:29.536,карта,ANON-0000-0000-0012,28.9,Кортадо
2026-03-14,2026-03-14 13:28:24.527,карта,ANON-0000-0000-0012,28.9,Американо
2026-03-14,2026-03-14 13:51:59.905,карта,ANON-0000-0000-0056,33.8,Американо с молоком
2026-03-14,2026-03-14 13:52:56.248,карта,ANON-0000-0000-0057,24.0,Эспрессо
2026-03-14,2026-03-14 15:20:38.367,карта,ANON-0000-0000-0058,38.7,Латте
2026-03-14,2026-03-14 16:04:09.506,карта,ANON-0000-0000-0059,33.8,Американо с молоком
2026-03-14,2026-03-14 16:54:38.202,карта,ANON-0000-0000-0050,24.0,Эспрессо
2026-03-14,2026-03-14 18:58:55.854,карта,ANON-0000-0000-0019,38.7,Горячий шоколад
2026-03-14,2026-03-14 19:00:08.663,карта,ANON-0000-0000-0012,28.9,Кортадо
2026-03-15,2026-03-15 10:02:16.533,наличные,,40.0,Латте
2026-03-15,2026-03-15 10:53:02.180,карта,ANON-0000-0000-0060,38.7,Горячий шоколад
2026-03-15,2026-03-15 18:19:27.922,карта,ANON-0000-0000-0012,28.9,Американо
2026-03-16,2026-03-16 12:06:55.209,карта,ANON-0000-0000-0061,33.8,Американо с молоком
2026-03-16,2026-03-16 12:07:53.915,карта,ANON-0000-0000-0061,28.9,Американо
2026-03-16,2026-03-16 15:58:18.458,карта,ANON-0000-0000-0009,28.9,Кортадо
2026-03-16,2026-03-16 16:03:21.738,карта,ANON-0000-0000-0009,28.9,Кортадо
2026-03-16,2026-03-16 16:04:11.444,карта,ANON-0000-0000-0012,28.9,Кортадо
2026-03-16,2026-03-16 17:58:07.241,карта,ANON-0000-0000-0062,33.8,Американо с молоком
2026-03-17,2026-03-17 10:10:21.399,наличные,,40.0,Латте
2026-03-17,2026-03-17 12:55:26.065,карта,ANON-0000-0000-0063,28.9,Кортадо
2026-03-18,2026-03-18 11:17:59.671,карта,ANON-0000-0000-0064,28.9,Кортадо
2026-03-18,2026-03-18 15:31:39.725,карта,ANON-0000-0000-0003,28.9,Американо
2026-03-18,2026-03-18 15:32:38.239,карта,ANON-0000-0000-0003,28.9,Американо
2026-03-18,2026-03-18 15:33:36.708,карта,ANON-0000-0000-0003,28.9,Американо
2026-03-19,2026-03-19 10:20:25.996,наличные,,30.0,Кортадо
2026-03-19,2026-03-19 14:02:21.536,карта,ANON-0000-0000-0065,38.7,Латте
2026-03-19,2026-03-19 14:03:19.765,карта,ANON-0000-0000-0065,38.7,Латте
2026-03-19,2026-03-19 15:04:36.309,карта,ANON-0000-0000-0049,38.7,Горячий шоколад
2026-03-19,2026-03-19 16:53:48.706,карта,ANON-0000-0000-0066,33.8,Американо с молоком
2026-03-19,2026-03-19 19:26:32.677,наличные,,40.0,Горячий шоколад
2026-03-20,2026-03-20 11:41:16.403,карта,ANON-0000-0000-0012,28.9,Кортадо
2026-03-20,2026-03-20 12:21:07.728,наличные,,40.0,Латте
2026-03-20,2026-03-20 12:30:48.968,карта,ANON-0000-0000-0049,28.9,Кортадо
2026-03-20,2026-03-20 13:16:47.394,карта,ANON-0000-0000-0067,38.7,Капучино
2026-03-20,2026-03-20 16:42:38.117,карта,ANON-0000-0000-0050,38.7,Какао
2026-03-20,2026-03-20 17:50:28.781,карта,ANON-0000-0000-0068,38.7,Латте
2026-03-21,2026-03-21 10:18:56.977,наличные,,40.0,Капучино
2026-03-21,2026-03-21 12:25:09.194,карта,ANON-0000-0000-0012,28.9,Кортадо
2026-03-21,2026-03-21 12:26:17.428,карта,ANON-0000-0000-0012,38.7,Капучино
2026-03-21,2026-03-21 17:21:01.453,наличные,,30.0,Американо
2026-03-21,2026-03-21 17:22:01.353,карта,ANON-0000-0000-0012,28.9,Кортадо
2026-03-21,2026-03-21 19:20:36.508,карта,ANON-0000-0000-0069,38.7,Латте
2026-03-22,2026-03-22 10:35:53.619,карта,ANON-0000-0000-0070,33.8,Американо с молоком
2026-03-22,2026-03-22 13:29:20.343,карта,ANON-0000-0000-0071,33.8,Американо с молоком
2026-03-22,2026-03-22 16:15:14.448,наличные,,40.0,Капучино
2026-03-22,2026-03-22 17:17:03.724,карта,ANON-0000-0000-0012,28.9,Американо
2026-03-22,2026-03-22 17:17:58.991,карта,ANON-0000-0000-0012,24.0,Эспрессо
2026-03-22,2026-03-22 17:20:49.490,карта,ANON-0000-0000-0050,28.9,Американо
2026-03-23,2026-03-23 10:43:59.559,карта,ANON-0000-0000-0072,38.7,Латте
2026-03-23,2026-03-23 10:45:07.157,карта,ANON-0000-0000-0073,33.8,Американо с молоком
2026-03-23,2026-03-23 13:10:07.661,карта,ANON-0000-0000-0074,38.7,Капучино
2026-03-23,2026-03-23 13:11:12.230,карта,ANON-0000-0000-0074,38.7,Какао
2026-03-23,2026-03-23 14:44:41.276,карта,ANON-0000-0000-0075,33.8,Американо с молоком
2026-03-23,2026-03-23 15:47:19.062,карта,ANON-0000-0000-0076,38.7,Латте
2026-03-23,2026-03-23 15:49:33.813,карта,ANON-0000-0000-0076,33.8,Американо с молоком
2026-03-23,2026-03-23 16:00:58.386,карта,ANON-0000-0000-0009,28.9,Кортадо
2026-03-24,2026-03-24 10:03:56.005,наличные,,40.0,Латте
2026-03-24,2026-03-24 18:45:08.397,карта,ANON-0000-0000-0077,38.7,Латте
2026-03-25,2026-03-25 10:31:47.250,карта,ANON-0000-0000-0009,38.7,Латте
2026-03-25,2026-03-25 11:16:25.671,наличные,,35.0,Американо с молоком
2026-03-25,2026-03-25 14:27:09.163,карта,ANON-0000-0000-0078,38.7,Латте
2026-03-25,2026-03-25 14:29:25.343,карта,ANON-0000-0000-0017,38.7,Латте
2026-03-25,2026-03-25 18:37:30.650,карта,ANON-0000-0000-0024,33.8,Американо с молоком
2026-03-25,2026-03-25 19:34:24.542,карта,ANON-0000-0000-0079,38.7,Капучино
2026-03-26,2026-03-26 10:35:49.679,карта,ANON-0000-0000-0055,38.7,Какао
2026-03-26,2026-03-26 10:36:36.151,карта,ANON-0000-0000-0055,38.7,Латте
2026-03-26,2026-03-26 10:42:30.170,карта,ANON-0000-0000-0080,38.7,Латте
2026-03-26,2026-03-26 11:11:47.335,карта,ANON-0000-0000-0009,28.9,Кортадо
2026-03-26,2026-03-26 13:35:52.773,карта,ANON-0000-0000-0003,28.9,Американо
2026-03-26,2026-03-26 13:36:49.644,карта,ANON-0000-0000-0032,28.9,Кортадо
2026-03-26,2026-03-26 13:37:59.723,карта,ANON-0000-0000-0059,28.9,Кортадо
2026-03-26,2026-03-26 13:57:53.677,карта,ANON-0000-0000-0050,28.9,Американо
2026-03-26,2026-03-26 15:48:02.270,карта,ANON-0000-0000-0081,38.7,Латте
2026-03-26,2026-03-26 18:33:38.568,карта,ANON-0000-0000-0024,38.7,Латте
2026-03-26,2026-03-26 18:34:54.648,карта,ANON-0000-0000-0009,38.7,Горячий шоколад
2026-03-27,2026-03-27 11:04:51.174,карта,ANON-0000-0000-0003,28.9,Кортадо
2026-03-27,2026-03-27 11:05:58.236,карта,ANON-0000-0000-0003,33.8,Американо с молоком
2026-03-27,2026-03-27 12:57:00.462,карта,ANON-0000-0000-0082,33.8,Американо с молоком
2026-03-27,2026-03-27 13:35:20.039,карта,ANON-0000-0000-0083,38.7,Горячий шоколад
2026-03-27,2026-03-27 14:22:31.662,карта,ANON-0000-0000-0012,38.7,Капучино
2026-03-27,2026-03-27 14:23:35.380,карта,ANON-0000-0000-0012,28.9,Американо
2026-03-27,2026-03-27 18:30:11.833,карта,ANON-0000-0000-0084,28.9,Кортадо
2026-03-27,2026-03-27 19:31:12.442,наличные,,40.0,Латте
2026-03-28,2026-03-28 14:24:47.092,карта,ANON-0000-0000-0085,28.9,Кортадо
2026-03-28,2026-03-28 17:24:46.244,карта,ANON-0000-0000-0012,28.9,Кортадо
2026-03-28,2026-03-28 17:27:05.304,карта,ANON-0000-0000-0012,28.9,Американо
2026-03-28,2026-03-28 17:32:44.652,карта,ANON-0000-0000-0086,38.7,Латте
2026-03-29,2026-03-29 10:56:19.495,карта,ANON-0000-0000-0087,38.7,Латте
2026-03-29,2026-03-29 12:34:17.383,карта,ANON-0000-0000-0088,38.7,Капучино
2026-03-29,2026-03-29 12:41:32.125,карта,ANON-0000-0000-0088,38.7,Капучино
2026-03-29,2026-03-29 13:22:44.618,наличные,,40.0,Капучино
2026-03-30,2026-03-30 11:59:19.854,карта,ANON-0000-0000-0069,38.7,Латте
2026-03-30,2026-03-30 13:49:25.815,наличные,,40.0,Капучино
2026-03-30,2026-03-30 16:12:31.786,карта,ANON-0000-0000-0017,38.7,Латте
2026-03-30,2026-03-30 16:36:40.513,карта,ANON-0000-0000-0009,38.7,Латте
2026-03-30,2026-03-30 16:37:57.553,карта,ANON-0000-0000-0009,33.8,Американо с молоком
2026-03-31,2026-03-31 10:40:04.523,карта,ANON-0000-0000-0089,38.7,Капучино
2026-03-31,2026-03-31 19:36:45.000,наличные,,30.0,Американо
2026-04-01,2026-04-01 10:28:47.601,карта,ANON-0000-0000-0004,28.9,Американо
2026-04-01,2026-04-01 10:29:42.318,карта,ANON-0000-0000-0004,33.8,Американо с молоком
2026-04-01,2026-04-01 10:30:43.735,карта,ANON-0000-0000-0004,33.8,Американо с молоком
2026-04-01,2026-04-01 11:15:43.836,карта,ANON-0000-0000-0009,33.8,Американо с молоком
2026-04-01,2026-04-01 17:01:42.924,наличные,,40.0,Капучино
2026-04-01,2026-04-01 18:18:42.372,карта,ANON-0000-0000-0024,33.8,Американо с молоком
2026-04-01,2026-04-01 18:45:27.436,карта,ANON-0000-0000-0090,38.7,Горячий шоколад
2026-04-02,2026-04-02 10:01:14.022,карта,ANON-0000-0000-0001,38.7,Латте
2026-04-02,2026-04-02 16:18:34.169,карта,ANON-0000-0000-0003,28.9,Американо
2026-04-02,2026-04-02 16:19:28.460,карта,ANON-0000-0000-0003,28.9,Кортадо
2026-04-02,2026-04-02 19:59:31.942,наличные,,40.0,Капучино
2026-04-03,2026-04-03 10:19:13.644,карта,ANON-0000-0000-0003,28.9,Кортадо
2026-04-03,2026-04-03 10:20:07.655,карта,ANON-0000-0000-0003,28.9,Американо
2026-04-03,2026-04-03 13:12:05.367,карта,ANON-0000-0000-0012,38.7,Капучино
2026-04-03,2026-04-03 15:36:11.735,наличные,,30.0,Кортадо
2026-04-04,2026-04-04 10:44:55.988,карта,ANON-0000-0000-0091,38.7,Латте
2026-04-04,2026-04-04 11:26:38.085,карта,ANON-0000-0000-0092,38.7,Латте
2026-04-04,2026-04-04 11:27:48.411,карта,ANON-0000-0000-0093,38.7,Капучино
2026-04-04,2026-04-04 12:23:02.216,карта,ANON-0000-0000-0094,28.9,Кортадо
2026-04-04,2026-04-04 19:42:07.740,наличные,,40.0,Латте
2026-04-05,2026-04-05 10:40:42.728,карта,ANON-0000-0000-0095,28.9,Американо
2026-04-05,2026-04-05 10:42:06.204,карта,ANON-0000-0000-0012,28.9,Американо
2026-04-05,2026-04-05 11:06:14.643,карта,ANON-0000-0000-0096,28.9,Кортадо
2026-04-05,2026-04-05 12:14:27.975,карта,ANON-0000-0000-0097,33.8,Американо с молоком
2026-04-05,2026-04-05 14:23:40.387,карта,ANON-0000-0000-0098,38.7,Латте
2026-04-05,2026-04-05 14:24:50.417,карта,ANON-0000-0000-0098,28.9,Кортадо
2026-04-05,2026-04-05 15:30:50.383,наличные,,40.0,Латте
2026-04-05,2026-04-05 15:54:15.768,наличные,,40.0,Капучино
2026-04-05,2026-04-05 15:55:30.947,наличные,,30.0,Американо
2026-04-05,2026-04-05 16:17:43.975,наличные,,40.0,Какао
2026-04-05,2026-04-05 16:18:23.558,карта,ANON-0000-0000-0003,24.0,Эспрессо
2026-04-06,2026-04-06 12:32:31.398,карта,ANON-0000-0000-0099,33.8,Американо с молоком
2026-04-06,2026-04-06 14:13:18.733,карта,ANON-0000-0000-0040,38.7,Капучино
2026-04-06,2026-04-06 14:14:27.029,карта,ANON-0000-0000-0040,28.9,Американо
2026-04-06,2026-04-06 14:49:50.183,карта,ANON-0000-0000-0009,38.7,Латте
2026-04-07,2026-04-07 10:12:53.204,карта,ANON-0000-0000-0091,38.7,Латте
2026-04-07,2026-04-07 12:44:31.936,карта,ANON-0000-0000-0040,38.7,Капучино
2026-04-07,2026-04-07 12:46:05.118,карта,ANON-0000-0000-0040,38.7,Капучино
2026-04-07,2026-04-07 14:16:24.949,карта,ANON-0000-0000-0100,28.9,Кортадо
2026-04-07,2026-04-07 14:17:30.628,карта,ANON-0000-0000-0100,24.0,Эспрессо
2026-04-07,2026-04-07 18:01:16.608,карта,ANON-0000-0000-0101,38.7,Горячий шоколад
2026-04-07,2026-04-07 18:02:03.878,карта,ANON-0000-0000-0101,33.8,Американо с молоком
2026-04-08,2026-04-08 10:58:21.106,карта,ANON-0000-0000-0102,33.8,Американо с молоком
2026-04-08,2026-04-08 10:59:27.558,карта,ANON-0000-0000-0103,38.7,Капучино
2026-04-08,2026-04-08 11:01:20.464,карта,ANON-0000-0000-0012,28.9,Американо
2026-04-08,2026-04-08 11:04:47.030,карта,ANON-0000-0000-0104,38.7,Капучино
2026-04-08,2026-04-08 12:54:25.897,наличные,,25.0,Эспрессо
2026-04-08,2026-04-08 15:43:36.881,наличные,,35.0,Американо с молоком
2026-04-08,2026-04-08 16:41:37.806,карта,ANON-0000-0000-0017,38.7,Латте
2026-04-08,2026-04-08 18:18:09.713,карта,ANON-0000-0000-0105,28.9,Американо
2026-04-08,2026-04-08 19:22:27.477,карта,ANON-0000-0000-0024,33.8,Американо с молоком
2026-04-08,2026-04-08 19:23:59.268,карта,ANON-0000-0000-0106,38.7,Капучино
2026-04-09,2026-04-09 10:22:27.359,наличные,,40.0,Капучино
2026-04-09,2026-04-09 10:24:10.103,наличные,,30.0,Американо
2026-04-09,2026-04-09 11:42:28.468,карта,ANON-0000-0000-0091,38.7,Латте
2026-04-09,2026-04-09 15:11:48.720,карта,ANON-0000-0000-0107,38.7,Горячий шоколад
2026-04-09,2026-04-09 17:25:23.936,карта,ANON-0000-0000-0049,38.7,Горячий шоколад
2026-04-10,2026-04-10 10:21:26.175,наличные,,25.0,Эспрессо
2026-04-10,2026-04-10 17:55:07.018,наличные,,40.0,Горячий шоколад
2026-04-10,2026-04-10 17:55:31.244,карта,ANON-0000-0000-0108,24.0,Эспрессо
2026-04-10,2026-04-10 18:24:59.290,карта,ANON-0000-0000-0009,38.7,Капучино
2026-04-10,2026-04-10 20:04:05.386,карта,ANON-0000-0000-0109,38.7,Латте
2026-04-11,2026-04-11 10:41:23.155,карта,ANON-0000-0000-0110,28.9,Американо
2026-04-11,2026-04-11 10:42:59.365,карта,ANON-0000-0000-0110,28.9,Американо
2026-04-11,2026-04-11 16:35:23.069,карта,ANON-0000-0000-0017,38.7,Латте
2026-04-11,2026-04-11 19:16:56.588,карта,ANON-0000-0000-0106,38.7,Капучино
2026-04-11,2026-04-11 19:18:36.619,карта,ANON-0000-0000-0024,33.8,Американо с молоком
2026-04-12,2026-04-12 19:03:43.403,карта,ANON-0000-0000-0019,38.7,Горячий шоколад
2026-04-12,2026-04-12 19:38:23.189,карта,ANON-0000-0000-0009,28.9,Кортадо
2026-04-13,2026-04-13 12:29:19.823,карта,ANON-0000-0000-0009,38.7,Латте
2026-04-13,2026-04-13 12:43:02.389,карта,ANON-0000-0000-0012,28.9,Американо
2026-04-13,2026-04-13 15:06:52.292,наличные,,40.0,Горячий шоколад
2026-04-13,2026-04-13 15:07:55.966,наличные,,40.0,Горячий шоколад
2026-04-13,2026-04-13 16:18:03.938,карта,ANON-0000-0000-0111,38.7,Капучино
2026-04-13,2026-04-13 16:19:39.799,карта,ANON-0000-0000-0111,38.7,Латте
2026-04-13,2026-04-13 17:51:26.026,карта,ANON-0000-0000-0112,38.7,Капучино
2026-04-13,2026-04-13 17:53:19.237,карта,ANON-0000-0000-0012,38.7,Капучино
2026-04-14,2026-04-14 10:55:27.406,наличные,,40.0,Латте
2026-04-14,2026-04-14 12:24:39.028,карта,ANON-0000-0000-0113,38.7,Капучино
2026-04-14,2026-04-14 12:27:08.951,наличные,,30.0,Кортадо
2026-04-14,2026-04-14 12:29:06.877,наличные,,30.0,Кортадо
2026-04-14,2026-04-14 12:31:36.036,наличные,,35.0,Американо с молоком
2026-04-14,2026-04-14 13:21:49.808,карта,ANON-0000-0000-0114,28.9,Кортадо
2026-04-14,2026-04-14 14:23:31.631,карта,ANON-0000-0000-0012,28.9,Американо
2026-04-14,2026-04-14 14:24:26.930,карта,ANON-0000-0000-0012,28.9,Американо
2026-04-14,2026-04-14 14:25:18.122,карта,ANON-0000-0000-0012,28.9,Американо
2026-04-14,2026-04-14 15:46:27.733,карта,ANON-0000-0000-0017,38.7,Капучино
2026-04-14,2026-04-14 16:59:54.823,карта,ANON-0000-0000-0012,28.9,Кортадо
2026-04-14,2026-04-14 17:00:45.387,карта,ANON-0000-0000-0019,38.7,Латте
2026-04-14,2026-04-14 18:38:19.649,карта,ANON-0000-0000-0115,38.7,Капучино
2026-04-15,2026-04-15 11:45:24.619,карта,ANON-0000-0000-0064,28.9,Американо
2026-04-15,2026-04-15 17:01:46.359,карта,ANON-0000-0000-0003,28.9,Американо
2026-04-15,2026-04-15 17:02:49.748,карта,ANON-0000-0000-0004,33.8,Американо с молоком
2026-04-15,2026-04-15 19:33:03.036,карта,ANON-0000-0000-0009,33.8,Американо с молоком
2026-04-15,2026-04-15 19:41:58.112,наличные,,25.0,Эспрессо
2026-04-16,2026-04-16 10:43:49.907,наличные,,35.0,Американо с молоком
2026-04-16,2026-04-16 10:46:25.706,карта,ANON-0000-0000-0116,33.8,Американо с молоком
2026-04-16,2026-04-16 12:40:47.675,карта,ANON-0000-0000-0117,38.7,Какао
2026-04-16,2026-04-16 12:52:07.750,карта,ANON-0000-0000-0064,28.9,Кортадо
2026-04-16,2026-04-16 15:03:16.889,карта,ANON-0000-0000-0118,28.9,Американо
2026-04-16,2026-04-16 17:42:04.208,карта,ANON-0000-0000-0024,33.8,Американо с молоком
2026-04-16,2026-04-16 17:43:22.960,карта,ANON-0000-0000-0009,38.7,Капучино
2026-04-16,2026-04-16 18:09:05.273,карта,ANON-0000-0000-0050,38.7,Какао
2026-04-17,2026-04-17 13:32:59.792,карта,ANON-0000-0000-0012,28.9,Американо
2026-04-17,2026-04-17 13:44:00.181,карта,ANON-0000-0000-0119,24.0,Эспрессо
2026-04-17,2026-04-17 16:13:24.310,наличные,,40.0,Капучино
2026-04-17,2026-04-17 17:01:35.149,карта,ANON-0000-0000-0120,38.7,Капучино
2026-04-17,2026-04-17 17:02:40.687,карта,ANON-0000-0000-0120,38.7,Капучино
2026-04-17,2026-04-17 18:14:03.229,карта,ANON-0000-0000-0121,28.9,Кортадо
2026-04-18,2026-04-18 11:19:01.693,карта,ANON-0000-0000-0003,28.9,Американо
2026-04-18,2026-04-18 11:20:05.696,карта,ANON-0000-0000-0003,28.9,Американо
2026-04-18,2026-04-18 13:49:12.720,карта,ANON-0000-0000-0122,33.8,Американо с молоком
2026-04-18,2026-04-18 13:50:17.285,карта,ANON-0000-0000-0122,28.9,Кортадо
2026-04-18,2026-04-18 14:34:19.818,карта,ANON-0000-0000-0123,38.7,Капучино
2026-04-18,2026-04-18 14:35:49.354,карта,ANON-0000-0000-0123,38.7,Латте
2026-04-18,2026-04-18 17:44:15.791,карта,ANON-0000-0000-0069,38.7,Латте
2026-04-18,2026-04-18 18:21:05.945,карта,ANON-0000-0000-0085,38.7,Капучино
2026-04-18,2026-04-18 19:39:51.193,карта,ANON-0000-0000-0024,38.7,Горячий шоколад
2026-04-18,2026-04-18 19:40:48.954,карта,ANON-0000-0000-0009,38.7,Горячий шоколад
2026-04-19,2026-04-19 10:10:36.254,карта,ANON-0000-0000-0001,38.7,Латте
2026-04-19,2026-04-19 13:11:47.848,карта,ANON-0000-0000-0040,33.8,Американо с молоком
2026-04-19,2026-04-19 13:13:20.876,карта,ANON-0000-0000-0040,38.7,Капучино
2026-04-19,2026-04-19 13:58:54.064,карта,ANON-0000-0000-0124,38.7,Горячий шоколад
2026-04-19,2026-04-19 13:59:49.690,карта,ANON-0000-0000-0124,38.7,Капучино
2026-04-19,2026-04-19 18:23:19.311,карта,ANON-0000-0000-0024,38.7,Какао
2026-04-19,2026-04-19 18:25:33.440,карта,ANON-0000-0000-0009,33.8,Американо с молоком
2026-04-20,2026-04-20 11:24:42.681,наличные,,35.0,Американо с молоком
2026-04-20,2026-04-20 12:08:35.701,карта,ANON-0000-0000-0125,33.8,Американо с молоком
2026-04-20,2026-04-20 12:09:42.664,карта,ANON-0000-0000-0125,33.8,Американо с молоком
2026-04-20,2026-04-20 13:08:37.378,карта,ANON-0000-0000-0118,28.9,Американо
2026-04-20,2026-04-20 13:09:47.905,карта,ANON-0000-0000-0118,33.8,Американо с молоком
2026-04-20,2026-04-20 13:10:55.151,карта,ANON-0000-0000-0118,38.7,Горячий шоколад
2026-04-20,2026-04-20 14:44:18.118,карта,ANON-0000-0000-0040,38.7,Капучино
2026-04-20,2026-04-20 15:11:00.330,карта,ANON-0000-0000-0009,33.8,Американо с молоком
2026-04-20,2026-04-20 15:22:40.717,карта,ANON-0000-0000-0012,32.82,Американо с молоком
2026-04-20,2026-04-20 15:49:25.148,карта,ANON-0000-0000-0126,32.82,Американо с молоком
2026-04-20,2026-04-20 17:07:57.969,наличные,,39.0,Какао
2026-04-20,2026-04-20 18:27:41.496,карта,ANON-0000-0000-0127,37.72,Капучино
2026-04-20,2026-04-20 18:28:46.900,карта,ANON-0000-0000-0127,37.72,Капучино
2026-04-20,2026-04-20 19:30:55.317,карта,ANON-0000-0000-0128,37.72,Латте
2026-04-21,2026-04-21 11:16:45.707,карта,ANON-0000-0000-0001,37.72,Латте
2026-04-21,2026-04-21 14:15:37.541,карта,ANON-0000-0000-0099,27.92,Американо
2026-04-21,2026-04-21 17:09:03.199,наличные,,39.0,Капучино
2026-04-22,2026-04-22 11:09:16.412,карта,ANON-0000-0000-0012,27.92,Американо
2026-04-22,2026-04-22 11:29:27.099,карта,ANON-0000-0000-0129,32.82,Американо с молоком
2026-04-22,2026-04-22 18:40:33.024,наличные,,39.0,Латте
2026-04-22,2026-04-22 19:39:04.759,карта,ANON-0000-0000-0009,37.72,Латте
2026-04-22,2026-04-22 20:02:29.165,наличные,,39.0,Капучино
2026-04-23,2026-04-23 14:22:35.995,карта,ANON-0000-0000-0025,37.72,Капучино
2026-04-23,2026-04-23 14:23:53.144,карта,ANON-0000-0000-0024,32.82,Американо с молоком
2026-04-23,2026-04-23 14:24:57.515,карта,ANON-0000-0000-0009,37.72,Капучино
2026-04-23,2026-04-23 19:42:27.765,карта,ANON-0000-0000-0130,32.82,Американо с молоком
2026-04-23,2026-04-23 19:43:26.234,карта,ANON-0000-0000-0130,32.82,Американо с молоком
2026-04-24,2026-04-24 10:19:38.346,карта,ANON-0000-0000-0001,37.72,Латте
2026-04-24,2026-04-24 10:21:27.287,карта,ANON-0000-0000-0131,32.82,Американо с молоком
2026-04-24,2026-04-24 11:23:46.102,карта,ANON-0000-0000-0132,32.82,Американо с молоком
2026-04-24,2026-04-24 11:33:26.347,карта,ANON-0000-0000-0133,32.82,Американо с молоком
2026-04-24,2026-04-24 12:39:09.298,карта,ANON-0000-0000-0059,32.82,Американо с молоком
2026-04-24,2026-04-24 16:39:07.423,карта,ANON-0000-0000-0009,32.82,Американо с молоком
2026-04-24,2026-04-24 19:39:49.983,карта,ANON-0000-0000-0134,32.82,Американо с молоком
2026-04-24,2026-04-24 19:40:54.031,карта,ANON-0000-0000-0134,37.72,Капучино
2026-04-25,2026-04-25 10:46:08.057,карта,ANON-0000-0000-0135,27.92,Американо
2026-04-25,2026-04-25 15:18:26.971,карта,ANON-0000-0000-0009,37.72,Латте
2026-04-25,2026-04-25 17:09:43.534,карта,ANON-0000-0000-0012,27.92,Американо
2026-04-25,2026-04-25 17:10:49.153,карта,ANON-0000-0000-0012,27.92,Американо
2026-04-26,2026-04-26 10:12:50.618,карта,ANON-0000-0000-0001,37.72,Латте
2026-04-26,2026-04-26 12:01:30.580,карта,ANON-0000-0000-0136,37.72,Латте
2026-04-26,2026-04-26 13:31:28.297,карта,ANON-0000-0000-0137,37.72,Капучино
2026-04-26,2026-04-26 15:32:35.390,карта,ANON-0000-0000-0012,27.92,Американо
2026-04-26,2026-04-26 15:33:33.132,карта,ANON-0000-0000-0012,27.92,Американо
2026-04-26,2026-04-26 16:23:26.514,карта,ANON-0000-0000-0138,27.92,Кортадо
2026-04-26,2026-04-26 16:24:33.800,карта,ANON-0000-0000-0139,27.92,Американо
2026-04-26,2026-04-26 19:32:07.112,карта,ANON-0000-0000-0009,37.72,Горячий шоколад
2026-04-26,2026-04-26 19:33:30.220,карта,ANON-0000-0000-0009,37.72,Какао
2026-04-27,2026-04-27 15:27:00.680,карта,ANON-0000-0000-0009,37.72,Капучино
2026-04-28,2026-04-28 10:32:52.479,карта,ANON-0000-0000-0001,37.72,Латте
2026-04-28,2026-04-28 12:30:09.749,карта,ANON-0000-0000-0140,37.72,Капучино
2026-04-28,2026-04-28 18:27:08.230,карта,ANON-0000-0000-0012,27.92,Американо
2026-04-28,2026-04-28 18:28:11.411,карта,ANON-0000-0000-0012,27.92,Американо
2026-04-28,2026-04-28 18:29:02.374,карта,ANON-0000-0000-0019,37.72,Латте
2026-04-29,2026-04-29 11:26:31.871,карта,ANON-0000-0000-0141,27.92,Кортадо
2026-04-29,2026-04-29 13:27:56.949,карта,ANON-0000-0000-0003,27.92,Американо
2026-04-29,2026-04-29 13:28:53.899,карта,ANON-0000-0000-0003,27.92,Кортадо
2026-04-29,2026-04-29 13:53:35.730,карта,ANON-0000-0000-0141,27.92,Кортадо
2026-04-29,2026-04-29 13:54:24.357,карта,ANON-0000-0000-0141,32.82,Американо с молоком
2026-04-29,2026-04-29 18:37:48.406,карта,ANON-0000-0000-0140,37.72,Капучино
2026-04-29,2026-04-29 19:12:33.194,карта,ANON-0000-0000-0134,37.72,Капучино
2026-04-29,2026-04-29 19:13:37.878,карта,ANON-0000-0000-0134,37.72,Капучино
2026-04-30,2026-04-30 10:16:41.493,карта,ANON-0000-0000-0142,37.72,Латте
2026-04-30,2026-04-30 10:34:52.250,карта,ANON-0000-0000-0142,32.82,Американо с молоком
2026-04-30,2026-04-30 10:35:47.617,карта,ANON-0000-0000-0142,32.82,Американо с молоком
2026-04-30,2026-04-30 13:41:52.325,карта,ANON-0000-0000-0142,27.92,Американо
2026-04-30,2026-04-30 13:42:59.977,карта,ANON-0000-0000-0142,32.82,Американо с молоком
2026-04-30,2026-04-30 19:19:18.139,карта,ANON-0000-0000-0142,37.72,Капучино
2026-04-30,2026-04-30 19:30:04.003,карта,ANON-0000-0000-0142,32.82,Американо с молоком
2026-04-30,2026-04-30 19:31:20.952,карта,ANON-0000-0000-0142,37.72,Латте
2026-05-02,2026-05-02 10:33:55.746,карта,ANON-0000-0000-0143,27.92,Американо
2026-05-02,2026-05-02 11:29:57.080,наличные,,39.0,Латте
2026-05-02,2026-05-02 13:49:39.898,карта,ANON-0000-0000-0133,32.82,Американо с молоком
2026-05-02,2026-05-02 18:36:22.138,карта,ANON-0000-0000-0144,37.72,Капучино
2026-05-02,2026-05-02 18:41:11.220,карта,ANON-0000-0000-0024,32.82,Американо с молоком
2026-05-02,2026-05-02 19:18:33.084,карта,ANON-0000-0000-0145,37.72,Латте
2026-05-02,2026-05-02 19:19:56.359,карта,ANON-0000-0000-0145,37.72,Капучино
2026-05-03,2026-05-03 10:11:53.399,наличные,,39.0,Латте
2026-05-03,2026-05-03 14:30:00.923,карта,ANON-0000-0000-0146,37.72,Латте
2026-05-03,2026-05-03 17:03:24.905,карта,ANON-0000-0000-0147,37.72,Латте
2026-05-06,2026-05-06 10:05:17.920,карта,ANON-0000-0000-0148,27.92,Американо
2026-05-06,2026-05-06 10:06:51.625,карта,ANON-0000-0000-0149,37.72,Капучино
2026-05-06,2026-05-06 10:08:05.863,карта,ANON-0000-0000-0149,32.82,Американо с молоком
2026-05-06,2026-05-06 10:09:07.977,карта,ANON-0000-0000-0150,27.92,Американо
2026-05-06,2026-05-06 10:39:12.641,карта,ANON-0000-0000-0141,27.92,Кортадо
2026-05-06,2026-05-06 11:34:20.640,наличные,,29.0,Американо
2026-05-06,2026-05-06 13:18:10.990,карта,ANON-0000-0000-0148,27.92,Кортадо
2026-05-06,2026-05-06 13:19:00.811,карта,ANON-0000-0000-0148,27.92,Американо
2026-05-06,2026-05-06 19:18:12.989,карта,ANON-0000-0000-0151,37.72,Капучино
2026-05-06,2026-05-06 19:19:49.548,карта,ANON-0000-0000-0151,37.72,Капучино
2026-05-07,2026-05-07 10:44:55.582,карта,ANON-0000-0000-0148,37.72,Какао
2026-05-07,2026-05-07 11:21:58.493,карта,ANON-0000-0000-0141,27.92,Кортадо
2026-05-07,2026-05-07 13:23:34.943,карта,ANON-0000-0000-0077,27.92,Кортадо
2026-05-07,2026-05-07 16:42:07.900,карта,ANON-0000-0000-0148,37.72,Какао
2026-05-07,2026-05-07 16:55:38.805,карта,ANON-0000-0000-0152,27.92,Американо
2026-05-07,2026-05-07 17:37:46.412,карта,ANON-0000-0000-0153,37.72,Капучино
2026-05-07,2026-05-07 17:38:48.195,карта,ANON-0000-0000-0153,37.72,Латте
2026-05-07,2026-05-07 18:35:37.235,наличные,,34.0,Американо с молоком
2026-05-07,2026-05-07 19:12:12.524,карта,ANON-0000-0000-0154,37.72,Капучино
2026-05-07,2026-05-07 19:13:12.195,карта,ANON-0000-0000-0154,37.72,Капучино
2026-05-08,2026-05-08 10:07:28.863,карта,ANON-0000-0000-0001,37.72,Латте
2026-05-09,2026-05-09 12:54:21.812,карта,ANON-0000-0000-0155,37.72,Капучино
2026-05-09,2026-05-09 13:03:58.556,карта,ANON-0000-0000-0156,27.92,Американо
2026-05-09,2026-05-09 13:04:57.647,карта,ANON-0000-0000-0156,37.72,Латте
2026-05-09,2026-05-09 13:06:11.261,карта,ANON-0000-0000-0156,37.72,Латте
2026-05-09,2026-05-09 13:07:16.409,карта,ANON-0000-0000-0156,37.72,Латте
2026-05-09,2026-05-09 16:55:14.601,карта,ANON-0000-0000-0118,27.92,Американо
2026-05-09,2026-05-09 16:56:14.989,карта,ANON-0000-0000-0118,27.92,Американо
2026-05-09,2026-05-09 18:01:29.895,карта,ANON-0000-0000-0157,27.92,Американо
2026-05-09,2026-05-09 18:13:56.226,карта,ANON-0000-0000-0143,32.82,Американо с молоком
2026-05-10,2026-05-10 10:09:21.972,наличные,,39.0,Латте
2026-05-10,2026-05-10 15:46:21.511,карта,ANON-0000-0000-0158,37.72,Латте
2026-05-10,2026-05-10 15:47:32.508,карта,ANON-0000-0000-0158,37.72,Латте
2026-05-10,2026-05-10 16:20:15.084,наличные,,34.0,Американо с молоком
2026-05-11,2026-05-11 11:39:52.878,карта,ANON-0000-0000-0069,37.72,Латте
2026-05-11,2026-05-11 17:02:43.648,наличные,,39.0,Латте
2026-05-11,2026-05-11 17:20:30.398,карта,ANON-0000-0000-0009,32.82,Американо с молоком
2026-05-11,2026-05-11 17:21:56.117,карта,ANON-0000-0000-0026,37.72,Какао
2026-05-11,2026-05-11 17:23:57.301,карта,ANON-0000-0000-0040,37.72,Капучино
2026-05-11,2026-05-11 17:28:54.132,карта,ANON-0000-0000-0012,32.82,Американо с молоком
2026-05-11,2026-05-11 18:35:40.257,карта,ANON-0000-0000-0115,37.72,Капучино
2026-05-11,2026-05-11 19:38:16.096,карта,ANON-0000-0000-0159,37.72,Латте
2026-05-12,2026-05-12 10:20:42.512,карта,ANON-0000-0000-0001,37.72,Латте
2026-05-12,2026-05-12 13:24:03.465,карта,ANON-0000-0000-0160,37.72,Латте
2026-05-12,2026-05-12 13:27:39.043,карта,ANON-0000-0000-0161,27.92,Американо
2026-05-12,2026-05-12 15:16:19.815,карта,ANON-0000-0000-0077,37.72,Латте
2026-05-12,2026-05-12 15:38:02.422,карта,ANON-0000-0000-0162,32.82,Американо с молоком
2026-05-12,2026-05-12 15:52:14.871,карта,ANON-0000-0000-0163,32.82,Американо с молоком
2026-05-12,2026-05-12 16:04:21.133,карта,ANON-0000-0000-0012,32.82,Американо с молоком
2026-05-12,2026-05-12 19:41:30.569,карта,ANON-0000-0000-0009,32.82,Американо с молоком
2026-05-13,2026-05-13 11:03:53.348,карта,ANON-0000-0000-0164,32.82,Американо с молоком
2026-05-13,2026-05-13 15:31:10.763,наличные,,29.0,Американо
2026-05-13,2026-05-13 15:31:50.907,наличные,,29.0,Американо
2026-05-14,2026-05-14 08:38:14.581,карта,ANON-0000-0000-0012,27.92,Американо
2026-05-14,2026-05-14 08:39:25.455,карта,ANON-0000-0000-0012,27.92,Американо
2026-05-14,2026-05-14 08:40:17.484,карта,ANON-0000-0000-0012,27.92,Американо
2026-05-14,2026-05-14 10:19:23.174,карта,ANON-0000-0000-0012,37.72,Капучино
2026-05-14,2026-05-14 11:32:29.372,карта,ANON-0000-0000-0165,37.72,Латте
2026-05-14,2026-05-14 11:34:12.851,карта,ANON-0000-0000-0165,37.72,Капучино
2026-05-14,2026-05-14 14:04:54.580,карта,ANON-0000-0000-0025,37.72,Капучино
2026-05-14,2026-05-14 14:06:00.378,карта,ANON-0000-0000-0009,32.82,Американо с молоком
2026-05-14,2026-05-14 15:01:54.785,карта,ANON-0000-0000-0040,27.92,Американо
2026-05-14,2026-05-14 16:57:57.224,карта,ANON-0000-0000-0166,32.82,Американо с молоком
2026-05-14,2026-05-14 16:59:10.194,карта,ANON-0000-0000-0166,37.72,Капучино
2026-05-14,2026-05-14 22:51:25.227,карта,ANON-0000-0000-0167,37.72,Горячий шоколад
2026-05-15,2026-05-15 08:40:05.661,карта,ANON-0000-0000-0168,37.72,Латте
2026-05-15,2026-05-15 11:14:19.353,карта,ANON-0000-0000-0012,23.02,Эспрессо
2026-05-15,2026-05-15 11:19:10.049,карта,ANON-0000-0000-0012,27.92,Американо
2026-05-15,2026-05-15 13:34:35.102,карта,ANON-0000-0000-0003,27.92,Американо
2026-05-15,2026-05-15 13:35:29.171,карта,ANON-0000-0000-0003,27.92,Американо
2026-05-15,2026-05-15 13:36:27.339,карта,ANON-0000-0000-0003,27.92,Американо
2026-05-15,2026-05-15 13:55:28.999,карта,ANON-0000-0000-0164,32.82,Американо с молоком
2026-05-15,2026-05-15 14:38:10.847,наличные,,29.0,Американо
2026-05-15,2026-05-15 14:38:52.347,карта,ANON-0000-0000-0169,27.92,Кортадо
2026-05-15,2026-05-15 14:39:44.367,карта,ANON-0000-0000-0012,27.92,Кортадо
2026-05-15,2026-05-15 17:28:58.620,карта,ANON-0000-0000-0170,23.02,Эспрессо
2026-05-15,2026-05-15 20:20:34.769,карта,ANON-0000-0000-0171,37.72,Капучино
2026-05-16,2026-05-16 10:38:42.458,карта,ANON-0000-0000-0097,32.82,Американо с молоком
2026-05-16,2026-05-16 10:39:49.431,карта,ANON-0000-0000-0172,32.82,Американо с молоком
2026-05-16,2026-05-16 11:42:50.285,наличные,,39.0,Латте
2026-05-16,2026-05-16 11:44:20.811,наличные,,39.0,Капучино
2026-05-16,2026-05-16 12:14:00.097,карта,ANON-0000-0000-0173,32.82,Американо с молоком
2026-05-16,2026-05-16 15:15:16.315,карта,ANON-0000-0000-0174,37.72,Горячий шоколад
2026-05-16,2026-05-16 17:44:31.548,карта,ANON-0000-0000-0069,37.72,Латте
2026-05-16,2026-05-16 18:12:56.934,карта,ANON-0000-0000-0175,37.72,Горячий шоколад
2026-05-16,2026-05-16 18:13:58.191,карта,ANON-0000-0000-0175,37.72,Латте
2026-05-17,2026-05-17 09:00:48.456,карта,ANON-0000-0000-0033,27.92,Американо
2026-05-17,2026-05-17 11:30:27.553,карта,ANON-0000-0000-0164,32.82,Американо с молоком
2026-05-17,2026-05-17 14:58:03.060,наличные,,34.0,Американо с молоком
2026-05-17,2026-05-17 19:55:18.534,карта,ANON-0000-0000-0012,32.82,Американо с молоком
2026-05-17,2026-05-17 19:56:46.751,карта,ANON-0000-0000-0009,37.72,Капучино
2026-05-17,2026-05-17 20:37:52.930,карта,ANON-0000-0000-0176,37.72,Капучино
2026-05-17,2026-05-17 22:34:50.797,карта,ANON-0000-0000-0177,27.92,Американо
2026-05-17,2026-05-17 22:36:33.357,карта,ANON-0000-0000-0178,37.72,Латте
2026-05-17,2026-05-17 22:37:42.821,карта,ANON-0000-0000-0179,37.72,Латте
2026-05-18,2026-05-18 08:01:37.898,карта,ANON-0000-0000-0180,37.72,Капучино
2026-05-18,2026-05-18 08:02:39.959,карта,ANON-0000-0000-0180,37.72,Капучино
2026-05-18,2026-05-18 11:15:56.089,карта,ANON-0000-0000-0181,32.82,Американо с молоком
2026-05-18,2026-05-18 16:48:29.374,карта,ANON-0000-0000-0172,32.82,Американо с молоком
2026-05-18,2026-05-18 16:49:27.131,карта,ANON-0000-0000-0097,32.82,Американо с молоком
2026-05-18,2026-05-18 19:58:44.210,карта,ANON-0000-0000-0040,32.82,Американо с молоком
2026-05-18,2026-05-18 20:22:53.111,карта,ANON-0000-0000-0009,37.72,Латте
2026-05-18,2026-05-18 22:05:27.473,наличные,,39.0,Капучино
2026-05-19,2026-05-19 07:58:38.312,карта,ANON-0000-0000-0182,27.92,Американо
2026-05-19,2026-05-19 07:59:33.549,карта,ANON-0000-0000-0182,27.92,Американо
2026-05-19,2026-05-19 08:00:35.061,карта,ANON-0000-0000-0183,37.72,Капучино
2026-05-19,2026-05-19 09:28:49.723,наличные,,24.0,Эспрессо
2026-05-19,2026-05-19 12:14:26.676,карта,ANON-0000-0000-0184,32.82,Американо с молоком
2026-05-19,2026-05-19 14:43:40.049,карта,ANON-0000-0000-0012,27.92,Американо
2026-05-19,2026-05-19 15:58:58.192,карта,ANON-0000-0000-0185,32.82,Американо с молоком
2026-05-19,2026-05-19 18:12:36.304,карта,ANON-0000-0000-0186,32.82,Американо с молоком
2026-05-19,2026-05-19 18:13:47.762,карта,ANON-0000-0000-0186,23.02,Эспрессо
2026-05-19,2026-05-19 18:16:30.022,карта,ANON-0000-0000-0186,37.72,Горячий шоколад
2026-05-19,2026-05-19 19:51:06.979,карта,ANON-0000-0000-0187,37.72,Капучино
2026-05-19,2026-05-19 21:15:41.761,карта,ANON-0000-0000-0188,37.72,Капучино
2026-05-19,2026-05-19 21:18:36.101,карта,ANON-0000-0000-0189,37.72,Капучино
2026-05-20,2026-05-20 10:05:59.163,карта,ANON-0000-0000-0190,32.82,Американо с молоком
2026-05-20,2026-05-20 10:17:51.867,карта,ANON-0000-0000-0191,37.72,Латте
2026-05-20,2026-05-20 10:58:48.379,карта,ANON-0000-0000-0001,37.72,Латте
2026-05-20,2026-05-20 11:15:16.363,карта,ANON-0000-0000-0143,27.92,Американо
2026-05-20,2026-05-20 11:16:19.637,карта,ANON-0000-0000-0143,27.92,Американо
2026-05-20,2026-05-20 13:27:13.420,карта,ANON-0000-0000-0003,27.92,Американо
2026-05-20,2026-05-20 13:28:10.440,карта,ANON-0000-0000-0003,27.92,Американо
2026-05-20,2026-05-20 14:13:19.017,карта,ANON-0000-0000-0192,32.82,Американо с молоком
2026-05-20,2026-05-20 14:14:31.354,карта,ANON-0000-0000-0192,37.72,Капучино
2026-05-20,2026-05-20 14:32:21.252,наличные,,29.0,Американо
2026-05-20,2026-05-20 17:12:51.121,карта,ANON-0000-0000-0120,37.72,Латте
2026-05-20,2026-05-20 17:13:56.897,карта,ANON-0000-0000-0193,37.72,Латте
2026-05-20,2026-05-20 20:36:48.320,карта,ANON-0000-0000-0194,32.82,Американо с молоком
2026-05-20,2026-05-20 20:37:57.316,карта,ANON-0000-0000-0194,37.72,Какао
2026-05-20,2026-05-20 20:46:52.085,карта,ANON-0000-0000-0195,27.92,Кортадо
2026-05-20,2026-05-20 21:36:53.986,карта,ANON-0000-0000-0012,32.82,Американо с молоком
2026-05-20,2026-05-20 21:37:57.777,карта,ANON-0000-0000-0012,32.82,Американо с молоком
2026-05-21,2026-05-21 08:27:38.230,карта,ANON-0000-0000-0196,37.72,Латте
2026-05-21,2026-05-21 09:43:50.690,наличные,,29.0,Американо
2026-05-21,2026-05-21 09:44:40.309,наличные,,34.0,Американо с молоком
2026-05-21,2026-05-21 09:46:09.430,наличные,,39.0,Какао
2026-05-21,2026-05-21 10:05:08.033,наличные,,39.0,Латте
2026-05-21,2026-05-21 16:10:19.956,карта,ANON-0000-0000-0197,37.72,Латте
2026-05-21,2026-05-21 18:13:23.998,карта,ANON-0000-0000-0012,23.02,Эспрессо
2026-05-21,2026-05-21 19:11:09.212,карта,ANON-0000-0000-0198,37.72,Капучино
2026-05-21,2026-05-21 20:13:48.358,карта,ANON-0000-0000-0199,37.72,Капучино
2026-05-22,2026-05-22 09:34:41.818,карта,ANON-0000-0000-0200,37.72,Капучино
2026-05-22,2026-05-22 10:49:47.044,карта,ANON-0000-0000-0191,32.82,Американо с молоком
2026-05-22,2026-05-22 11:18:14.265,карта,ANON-0000-0000-0141,27.92,Кортадо
2026-05-22,2026-05-22 11:34:54.968,карта,ANON-0000-0000-0097,32.82,Американо с молоком
2026-05-22,2026-05-22 12:29:50.841,карта,ANON-0000-0000-0012,27.92,Американо
2026-05-22,2026-05-22 12:30:43.347,карта,ANON-0000-0000-0012,27.92,Американо
2026-05-22,2026-05-22 14:00:20.499,карта,ANON-0000-0000-0009,32.82,Американо с молоком
2026-05-22,2026-05-22 19:24:58.098,карта,ANON-0000-0000-0134,37.72,Капучино
2026-05-22,2026-05-22 19:25:58.574,карта,ANON-0000-0000-0134,37.72,Капучино
2026-05-22,2026-05-22 21:23:53.000,карта,ANON-0000-0000-0180,37.72,Горячий шоколад
2026-05-22,2026-05-22 21:24:49.584,карта,ANON-0000-0000-0180,37.72,Капучино
2026-05-23,2026-05-23 10:10:19.640,карта,ANON-0000-0000-0201,37.72,Капучино
2026-05-23,2026-05-23 12:22:06.605,карта,ANON-0000-0000-0202,23.02,Эспрессо
2026-05-23,2026-05-23 15:55:16.628,карта,ANON-0000-0000-0180,37.72,Капучино
2026-05-23,2026-05-23 15:56:27.237,карта,ANON-0000-0000-0203,37.72,Капучино
2026-05-23,2026-05-23 16:18:14.053,карта,ANON-0000-0000-0180,37.72,Капучино
2026-05-23,2026-05-23 16:41:00.043,карта,ANON-0000-0000-0077,37.72,Латте
2026-05-23,2026-05-23 17:14:33.237,карта,ANON-0000-0000-0153,37.72,Капучино
2026-05-23,2026-05-23 17:15:44.861,карта,ANON-0000-0000-0153,37.72,Латте
2026-05-23,2026-05-23 19:03:53.856,карта,ANON-0000-0000-0204,27.92,Кортадо
2026-05-23,2026-05-23 19:17:28.431,карта,ANON-0000-0000-0134,37.72,Капучино
2026-05-23,2026-05-23 19:18:26.418,карта,ANON-0000-0000-0205,37.72,Капучино
2026-05-23,2026-05-23 19:42:31.546,карта,ANON-0000-0000-0206,37.72,Капучино
2026-05-23,2026-05-23 20:15:01.429,карта,ANON-0000-0000-0207,37.72,Капучино
2026-05-23,2026-05-23 20:16:24.205,карта,ANON-0000-0000-0207,37.72,Латте
2026-05-23,2026-05-23 22:48:10.813,карта,ANON-0000-0000-0208,32.82,Американо с молоком
2026-05-23,2026-05-23 22:55:36.926,наличные,,39.0,Горячий шоколад
2026-05-24,2026-05-24 11:11:59.182,карта,ANON-0000-0000-0141,27.92,Кортадо
2026-05-24,2026-05-24 11:15:08.341,карта,ANON-0000-0000-0012,27.92,Американо
2026-05-24,2026-05-24 11:16:13.016,карта,ANON-0000-0000-0012,27.92,Американо
2026-05-24,2026-05-24 16:07:19.816,карта,ANON-0000-0000-0081,37.72,Горячий шоколад
2026-05-24,2026-05-24 18:17:40.330,карта,ANON-0000-0000-0209,27.92,Кортадо
2026-05-24,2026-05-24 18:18:36.698,карта,ANON-0000-0000-0209,27.92,Кортадо
2026-05-24,2026-05-24 22:30:40.198,карта,ANON-0000-0000-0210,32.82,Американо с молоком
2026-05-25,2026-05-25 07:40:58.818,наличные,,29.0,Американо
2026-05-25,2026-05-25 12:13:53.388,карта,ANON-0000-0000-0211,37.72,Латте
2026-05-25,2026-05-25 12:40:23.587,наличные,,29.0,Американо
2026-05-25,2026-05-25 12:42:10.258,карта,ANON-0000-0000-0212,32.82,Американо с молоком
2026-05-25,2026-05-25 12:43:13.275,карта,ANON-0000-0000-0212,32.82,Американо с молоком
2026-05-25,2026-05-25 12:58:12.049,карта,ANON-0000-0000-0213,32.82,Американо с молоком
2026-05-25,2026-05-25 16:47:09.557,карта,ANON-0000-0000-0040,32.82,Американо с молоком
2026-05-25,2026-05-25 16:48:16.834,карта,ANON-0000-0000-0040,27.92,Американо
2026-05-26,2026-05-26 10:20:02.233,карта,ANON-0000-0000-0001,37.72,Латте
2026-05-26,2026-05-26 14:24:49.812,карта,ANON-0000-0000-0214,32.82,Американо с молоком
2026-05-26,2026-05-26 14:26:05.248,карта,ANON-0000-0000-0215,27.92,Кортадо
2026-05-26,2026-05-26 14:40:58.882,карта,ANON-0000-0000-0216,32.82,Американо с молоком
2026-05-26,2026-05-26 17:19:15.521,карта,ANON-0000-0000-0217,37.72,Капучино
2026-05-26,2026-05-26 18:09:52.843,карта,ANON-0000-0000-0218,37.72,Горячий шоколад
2026-05-26,2026-05-26 18:11:02.204,карта,ANON-0000-0000-0218,37.72,Горячий шоколад
2026-05-26,2026-05-26 18:13:14.299,карта,ANON-0000-0000-0218,27.92,Американо
2026-05-26,2026-05-26 18:39:18.794,карта,ANON-0000-0000-0219,37.72,Латте
2026-05-26,2026-05-26 20:59:14.954,карта,ANON-0000-0000-0220,37.72,Горячий шоколад
2026-05-26,2026-05-26 21:00:05.568,карта,ANON-0000-0000-0220,37.72,Капучино
2026-05-26,2026-05-26 21:02:36.935,карта,ANON-0000-0000-0221,27.92,Кортадо
2026-05-26,2026-05-26 21:03:51.772,карта,ANON-0000-0000-0222,37.72,Капучино
2026-05-26,2026-05-26 21:04:58.824,карта,ANON-0000-0000-0221,37.72,Латте
2026-05-26,2026-05-26 21:06:02.621,карта,ANON-0000-0000-0223,37.72,Капучино
2026-05-27,2026-05-27 11:34:55.252,карта,ANON-0000-0000-0012,27.92,Американо
2026-05-27,2026-05-27 14:05:21.688,карта,ANON-0000-0000-0224,32.82,Американо с молоком
2026-05-27,2026-05-27 14:06:43.564,карта,ANON-0000-0000-0224,37.72,Какао
2026-05-27,2026-05-27 15:11:34.061,карта,ANON-0000-0000-0225,27.92,Американо
2026-05-27,2026-05-27 15:14:05.788,карта,ANON-0000-0000-0225,27.92,Американо
2026-05-27,2026-05-27 17:50:55.763,карта,ANON-0000-0000-0203,37.72,Латте
2026-05-27,2026-05-27 18:00:50.983,карта,ANON-0000-0000-0226,27.92,Американо
2026-05-27,2026-05-27 19:16:27.404,карта,ANON-0000-0000-0227,37.72,Латте
2026-05-27,2026-05-27 19:17:38.729,карта,ANON-0000-0000-0228,37.72,Латте
2026-05-27,2026-05-27 21:29:07.085,карта,ANON-0000-0000-0192,32.82,Американо с молоком
2026-05-27,2026-05-27 21:30:19.772,карта,ANON-0000-0000-0206,37.72,Капучино
2026-05-28,2026-05-28 08:37:09.028,карта,ANON-0000-0000-0012,32.82,Американо с молоком
2026-05-28,2026-05-28 09:20:10.736,карта,ANON-0000-0000-0097,32.82,Американо с молоком
2026-05-28,2026-05-28 11:48:18.494,карта,ANON-0000-0000-0229,37.72,Капучино
2026-05-28,2026-05-28 13:14:40.435,карта,ANON-0000-0000-0230,37.72,Капучино
2026-05-28,2026-05-28 14:10:53.691,карта,ANON-0000-0000-0194,37.72,Какао
2026-05-28,2026-05-28 16:25:39.330,карта,ANON-0000-0000-0141,27.92,Кортадо
2026-05-28,2026-05-28 17:21:43.967,наличные,,39.0,Капучино
2026-05-28,2026-05-28 19:09:29.069,карта,ANON-0000-0000-0231,27.92,Американо
2026-05-28,2026-05-28 19:10:31.070,карта,ANON-0000-0000-0231,37.72,Латте
2026-05-28,2026-05-28 20:24:32.205,карта,ANON-0000-0000-0009,32.82,Американо с молоком
2026-05-28,2026-05-28 20:50:19.449,карта,ANON-0000-0000-0012,27.92,Американо
2026-05-29,2026-05-29 09:14:43.704,карта,ANON-0000-0000-0232,37.72,Латте
2026-05-29,2026-05-29 10:48:46.781,наличные,,39.0,Латте
2026-05-29,2026-05-29 11:14:02.855,карта,ANON-0000-0000-0233,37.72,Горячий шоколад
2026-05-29,2026-05-29 15:10:48.545,карта,ANON-0000-0000-0234,27.92,Американо
2026-05-29,2026-05-29 15:22:56.321,карта,ANON-0000-0000-0235,37.72,Латте
2026-05-29,2026-05-29 15:45:12.738,карта,ANON-0000-0000-0236,37.72,Капучино
2026-05-29,2026-05-29 16:45:03.950,карта,ANON-0000-0000-0237,37.72,Латте
2026-05-29,2026-05-29 18:24:03.334,карта,ANON-0000-0000-0238,27.92,Кортадо
2026-05-29,2026-05-29 18:24:59.311,карта,ANON-0000-0000-0238,37.72,Латте
2026-05-29,2026-05-29 20:30:42.240,карта,ANON-0000-0000-0239,37.72,Горячий шоколад
2026-05-29,2026-05-29 20:32:35.200,карта,ANON-0000-0000-0240,37.72,Какао
2026-05-30,2026-05-30 08:29:06.277,карта,ANON-0000-0000-0241,37.72,Капучино
2026-05-30,2026-05-30 08:30:21.586,карта,ANON-0000-0000-0241,37.72,Латте
2026-05-30,2026-05-30 08:37:05.382,карта,ANON-0000-0000-0242,32.82,Американо с молоком
2026-05-30,2026-05-30 09:47:59.092,карта,ANON-0000-0000-0001,37.72,Латте
2026-05-30,2026-05-30 14:56:15.473,карта,ANON-0000-0000-0097,32.82,Американо с молоком
2026-05-30,2026-05-30 15:16:15.665,карта,ANON-0000-0000-0243,23.02,Эспрессо
2026-05-30,2026-05-30 15:17:38.656,карта,ANON-0000-0000-0012,23.02,Эспрессо
2026-05-30,2026-05-30 19:53:11.189,карта,ANON-0000-0000-0206,37.72,Капучино
2026-05-30,2026-05-30 20:31:05.430,карта,ANON-0000-0000-0244,37.72,Латте
2026-05-30,2026-05-30 20:46:13.835,карта,ANON-0000-0000-0009,37.72,Горячий шоколад
2026-05-30,2026-05-30 20:47:21.586,карта,ANON-0000-0000-0009,32.82,Американо с молоком
2026-05-31,2026-05-31 07:53:57.274,карта,ANON-0000-0000-0245,32.82,Американо с молоком
2026-05-31,2026-05-31 09:21:07.821,карта,ANON-0000-0000-0246,37.72,Латте
2026-05-31,2026-05-31 09:23:58.791,наличные,,39.0,Латте
2026-05-31,2026-05-31 10:38:07.861,карта,ANON-0000-0000-0247,37.72,Горячий шоколад
2026-05-31,2026-05-31 10:39:06.136,карта,ANON-0000-0000-0248,37.72,Какао
2026-05-31,2026-05-31 14:50:12.976,карта,ANON-0000-0000-0249,32.82,Американо с молоком
2026-05-31,2026-05-31 18:23:44.636,карта,ANON-0000-0000-0250,37.72,Латте
2026-05-31,2026-05-31 18:25:03.271,карта,ANON-0000-0000-0250,37.72,Латте
2026-05-31,2026-05-31 20:06:39.166,карта,ANON-0000-0000-0180,37.72,Капучино
2026-05-31,2026-05-31 20:33:06.403,карта,ANON-0000-0000-0134,32.82,Американо с молоком
2026-05-31,2026-05-31 20:34:32.903,карта,ANON-0000-0000-0134,37.72,Латте
2026-05-31,2026-05-31 22:05:47.070,карта,ANON-0000-0000-0206,37.72,Капучино
2026-05-31,2026-05-31 22:06:52.490,карта,ANON-0000-0000-0206,32.82,Американо с молоком
2026-05-31,2026-05-31 22:07:55.368,карта,ANON-0000-0000-0206,27.92,Кортадо
2026-06-01,2026-06-01 08:27:01.745,карта,ANON-0000-0000-0141,27.92,Кортадо
2026-06-01,2026-06-01 09:48:24.750,карта,ANON-0000-0000-0232,37.72,Латте
2026-06-01,2026-06-01 11:38:09.371,карта,ANON-0000-0000-0250,37.72,Латте
2026-06-01,2026-06-01 14:28:53.739,карта,ANON-0000-0000-0097,32.82,Американо с молоком
2026-06-01,2026-06-01 18:20:12.780,карта,ANON-0000-0000-0251,32.82,Американо с молоком
2026-06-01,2026-06-01 18:21:15.363,карта,ANON-0000-0000-0251,32.82,Американо с молоком
2026-06-01,2026-06-01 20:50:10.488,карта,ANON-0000-0000-0154,37.72,Капучино
2026-06-01,2026-06-01 20:51:13.565,карта,ANON-0000-0000-0154,37.72,Капучино
2026-06-01,2026-06-01 20:54:59.267,наличные,,39.0,Какао
2026-06-01,2026-06-01 20:59:09.689,карта,ANON-0000-0000-0252,37.72,Какао
2026-06-01,2026-06-01 21:51:04.971,карта,ANON-0000-0000-0009,32.82,Американо с молоком
2026-06-02,2026-06-02 20:03:25.799,карта,ANON-0000-0000-0009,37.72,Латте
2026-06-02,2026-06-02 20:24:02.449,карта,ANON-0000-0000-0040,32.82,Американо с молоком
2026-06-02,2026-06-02 20:25:07.238,карта,ANON-0000-0000-0040,37.72,Капучино
2026-06-02,2026-06-02 21:07:20.531,карта,ANON-0000-0000-0097,32.82,Американо с молоком
2026-06-02,2026-06-02 21:30:12.430,карта,ANON-0000-0000-0253,37.72,Латте
2026-06-02,2026-06-02 22:43:10.636,наличные,,34.0,Американо с молоком
2026-06-03,2026-06-03 10:12:04.141,карта,ANON-0000-0000-0001,37.72,Латте
2026-06-03,2026-06-03 10:27:49.797,карта,ANON-0000-0000-0191,37.72,Латте
2026-06-03,2026-06-03 14:31:42.338,карта,ANON-0000-0000-0025,37.72,Капучино
2026-06-03,2026-06-03 14:33:00.952,карта,ANON-0000-0000-0024,32.82,Американо с молоком
2026-06-03,2026-06-03 14:34:06.922,карта,ANON-0000-0000-0009,37.72,Латте
2026-06-03,2026-06-03 21:42:51.734,наличные,,34.0,Американо с молоком
2026-06-03,2026-06-03 21:43:37.471,наличные,,34.0,Американо с молоком
2026-06-04,2026-06-04 09:23:42.898,карта,ANON-0000-0000-0141,27.92,Кортадо
2026-06-04,2026-06-04 10:27:13.975,карта,ANON-0000-0000-0097,32.82,Американо с молоком
2026-06-04,2026-06-04 12:02:10.213,карта,ANON-0000-0000-0254,37.72,Латте
2026-06-04,2026-06-04 12:05:29.186,карта,ANON-0000-0000-0254,37.72,Горячий шоколад
2026-06-04,2026-06-04 15:30:32.455,карта,ANON-0000-0000-0255,37.72,Латте
2026-06-04,2026-06-04 17:46:36.661,карта,ANON-0000-0000-0192,27.92,Кортадо
2026-06-04,2026-06-04 17:47:28.847,карта,ANON-0000-0000-0192,37.72,Капучино
2026-06-04,2026-06-04 20:13:01.204,карта,ANON-0000-0000-0256,37.72,Горячий шоколад
2026-06-04,2026-06-04 20:50:33.896,карта,ANON-0000-0000-0257,37.72,Капучино
2026-06-04,2026-06-04 21:31:58.908,карта,ANON-0000-0000-0258,27.92,Кортадо
2026-06-04,2026-06-04 21:33:02.621,карта,ANON-0000-0000-0259,32.82,Американо с молоком
2026-06-04,2026-06-04 21:34:55.667,карта,ANON-0000-0000-0260,32.82,Американо с молоком
2026-06-04,2026-06-04 21:36:06.924,карта,ANON-0000-0000-0260,32.82,Американо с молоком
2026-06-04,2026-06-04 21:37:15.164,карта,ANON-0000-0000-0260,32.82,Американо с молоком
2026-06-05,2026-06-05 08:21:48.964,карта,ANON-0000-0000-0261,37.72,Капучино
2026-06-05,2026-06-05 08:23:06.723,карта,ANON-0000-0000-0261,37.72,Капучино
2026-06-05,2026-06-05 09:22:43.108,карта,ANON-0000-0000-0262,27.92,Американо
2026-06-05,2026-06-05 10:28:50.620,карта,ANON-0000-0000-0001,37.72,Латте
2026-06-05,2026-06-05 10:40:53.188,карта,ANON-0000-0000-0097,32.82,Американо с молоком
2026-06-05,2026-06-05 19:43:57.675,карта,ANON-0000-0000-0263,32.82,Американо с молоком
2026-06-05,2026-06-05 19:59:53.527,карта,ANON-0000-0000-0264,37.72,Латте
2026-06-05,2026-06-05 20:10:47.623,карта,ANON-0000-0000-0220,37.72,Какао
2026-06-05,2026-06-05 20:12:01.658,карта,ANON-0000-0000-0220,27.92,Кортадо
2026-06-06,2026-06-06 08:52:56.351,карта,ANON-0000-0000-0097,32.82,Американо с молоком
2026-06-06,2026-06-06 08:54:08.455,карта,ANON-0000-0000-0097,32.82,Американо с молоком
2026-06-06,2026-06-06 10:36:09.667,карта,ANON-0000-0000-0001,37.72,Латте
2026-06-06,2026-06-06 12:17:41.474,карта,ANON-0000-0000-0265,27.92,Американо
2026-06-06,2026-06-06 15:11:14.185,карта,ANON-0000-0000-0224,32.82,Американо с молоком
2026-06-06,2026-06-06 15:24:06.221,карта,ANON-0000-0000-0266,37.72,Капучино
2026-06-06,2026-06-06 21:14:05.102,карта,ANON-0000-0000-0267,37.72,Латте
2026-06-06,2026-06-06 21:15:42.227,карта,ANON-0000-0000-0267,37.72,Латте
2026-06-06,2026-06-06 21:18:26.713,карта,ANON-0000-0000-0206,37.72,Капучино
2026-06-06,2026-06-06 21:19:30.436,карта,ANON-0000-0000-0206,32.82,Американо с молоком
2026-06-06,2026-06-06 21:21:04.440,карта,ANON-0000-0000-0267,37.72,Латте
2026-06-07,2026-06-07 08:18:04.296,карта,ANON-0000-0000-0268,37.72,Капучино
2026-06-07,2026-06-07 10:35:28.104,карта,ANON-0000-0000-0269,23.02,Эспрессо
2026-06-07,2026-06-07 13:34:18.297,карта,ANON-0000-0000-0164,32.82,Американо с молоком
2026-06-07,2026-06-07 16:45:42.218,карта,ANON-0000-0000-0270,27.92,Кортадо
2026-06-07,2026-06-07 16:47:15.481,карта,ANON-0000-0000-0270,27.92,Кортадо
2026-06-08,2026-06-08 09:04:20.016,карта,ANON-0000-0000-0271,27.92,Кортадо
2026-06-08,2026-06-08 09:26:11.160,карта,ANON-0000-0000-0097,32.82,Американо с молоком
2026-06-08,2026-06-08 20:24:54.320,карта,ANON-0000-0000-0134,37.72,Капучино
2026-06-08,2026-06-08 20:25:56.316,карта,ANON-0000-0000-0134,37.72,Капучино
2026-06-09,2026-06-09 08:15:52.760,карта,ANON-0000-0000-0097,37.72,Латте
2026-06-09,2026-06-09 10:30:04.461,карта,ANON-0000-0000-0272,37.72,Латте
2026-06-09,2026-06-09 10:52:05.797,карта,ANON-0000-0000-0273,37.72,Капучино
2026-06-09,2026-06-09 11:04:41.306,карта,ANON-0000-0000-0141,27.92,Кортадо
2026-06-09,2026-06-09 11:07:08.108,карта,ANON-0000-0000-0274,23.02,Эспрессо
2026-06-09,2026-06-09 11:52:49.616,карта,ANON-0000-0000-0275,37.72,Капучино
2026-06-09,2026-06-09 12:11:23.640,карта,ANON-0000-0000-0276,32.82,Американо с молоком
2026-06-09,2026-06-09 12:13:08.067,карта,ANON-0000-0000-0276,37.72,Латте
2026-06-09,2026-06-09 12:14:10.783,карта,ANON-0000-0000-0276,37.72,Латте
2026-06-09,2026-06-09 15:10:30.692,карта,ANON-0000-0000-0277,27.92,Кортадо
2026-06-09,2026-06-09 16:17:28.189,карта,ANON-0000-0000-0278,37.72,Капучино
2026-06-09,2026-06-09 19:21:19.277,карта,ANON-0000-0000-0279,32.82,Американо с молоком
2026-06-09,2026-06-09 21:05:08.844,карта,ANON-0000-0000-0280,27.92,Американо
2026-06-10,2026-06-10 12:47:49.861,карта,ANON-0000-0000-0281,37.72,Капучино
2026-06-10,2026-06-10 12:56:48.268,карта,ANON-0000-0000-0097,37.72,Латте
2026-06-10,2026-06-10 19:04:28.106,карта,ANON-0000-0000-0282,37.72,Горячий шоколад
2026-06-10,2026-06-10 19:05:22.770,карта,ANON-0000-0000-0282,37.72,Горячий шоколад
2026-06-10,2026-06-10 19:37:23.602,карта,ANON-0000-0000-0283,37.72,Латте
2026-06-10,2026-06-10 19:38:19.678,карта,ANON-0000-0000-0283,37.72,Латте
2026-06-11,2026-06-11 10:38:03.953,карта,ANON-0000-0000-0284,32.82,Американо с молоком
2026-06-11,2026-06-11 18:48:25.292,карта,ANON-0000-0000-0285,37.72,Латте
2026-06-11,2026-06-11 18:49:36.428,карта,ANON-0000-0000-0285,37.72,Латте
2026-06-11,2026-06-11 21:17:03.344,карта,ANON-0000-0000-0286,37.72,Горячий шоколад
2026-06-11,2026-06-11 21:27:41.900,карта,ANON-0000-0000-0287,32.82,Американо с молоком
2026-06-11,2026-06-11 21:28:50.220,карта,ANON-0000-0000-0287,32.82,Американо с молоком
2026-06-12,2026-06-12 10:18:18.786,карта,ANON-0000-0000-0288,37.72,Горячий шоколад
2026-06-12,2026-06-12 11:51:43.858,карта,ANON-0000-0000-0289,37.72,Капучино
2026-06-12,2026-06-12 17:41:17.179,карта,ANON-0000-0000-0283,37.72,Латте
2026-06-12,2026-06-12 17:47:27.878,карта,ANON-0000-0000-0290,37.72,Латте
2026-06-12,2026-06-12 20:16:33.648,карта,ANON-0000-0000-0256,37.72,Горячий шоколад
2026-06-12,2026-06-12 20:25:34.239,карта,ANON-0000-0000-0291,32.82,Американо с молоком
2026-06-13,2026-06-13 08:54:24.207,карта,ANON-0000-0000-0292,27.92,Американо
2026-06-13,2026-06-13 08:57:25.592,карта,ANON-0000-0000-0097,37.72,Латте
2026-06-13,2026-06-13 09:50:25.038,карта,ANON-0000-0000-0293,32.82,Американо с молоком
2026-06-13,2026-06-13 09:57:11.518,карта,ANON-0000-0000-0141,27.92,Кортадо
2026-06-13,2026-06-13 17:04:58.601,карта,ANON-0000-0000-0294,32.82,Американо с молоком
2026-06-13,2026-06-13 17:27:46.626,карта,ANON-0000-0000-0295,37.72,Горячий шоколад
2026-06-13,2026-06-13 19:22:19.083,карта,ANON-0000-0000-0296,37.72,Латте
2026-06-13,2026-06-13 20:20:51.762,карта,ANON-0000-0000-0012,32.82,Американо с молоком
2026-06-13,2026-06-13 20:43:45.991,карта,ANON-0000-0000-0012,23.02,Эспрессо
2026-06-13,2026-06-13 20:45:00.615,карта,ANON-0000-0000-0295,23.02,Эспрессо
2026-06-13,2026-06-13 20:48:17.902,карта,ANON-0000-0000-0009,32.82,Американо с молоком
2026-06-13,2026-06-13 21:02:28.377,карта,ANON-0000-0000-0009,32.82,Американо с молоком
2026-06-14,2026-06-14 07:46:13.238,карта,ANON-0000-0000-0141,27.92,Кортадо
2026-06-14,2026-06-14 10:30:31.584,карта,ANON-0000-0000-0297,27.92,Американо
2026-06-14,2026-06-14 12:14:41.696,карта,ANON-0000-0000-0097,37.72,Латте
2026-06-14,2026-06-14 18:29:53.399,карта,ANON-0000-0000-0298,32.82,Американо с молоком
2026-06-15,2026-06-15 11:26:01.974,карта,ANON-0000-0000-0299,37.72,Капучино
2026-06-15,2026-06-15 12:21:28.135,карта,ANON-0000-0000-0300,37.72,Латте
2026-06-15,2026-06-15 12:22:46.942,карта,ANON-0000-0000-0300,32.82,Американо с молоком
2026-06-15,2026-06-15 12:23:52.166,карта,ANON-0000-0000-0300,23.02,Эспрессо
2026-06-15,2026-06-15 12:24:35.130,карта,ANON-0000-0000-0300,37.72,Какао
2026-06-15,2026-06-15 12:25:23.960,карта,ANON-0000-0000-0300,32.82,Американо с молоком
2026-06-15,2026-06-15 16:03:29.909,карта,ANON-0000-0000-0301,32.82,Американо с молоком
2026-06-15,2026-06-15 18:14:04.623,карта,ANON-0000-0000-0302,27.92,Американо
2026-06-16,2026-06-16 10:43:51.456,карта,ANON-0000-0000-0059,32.82,Американо с молоком
2026-06-16,2026-06-16 10:58:41.366,карта,ANON-0000-0000-0303,37.72,Латте
2026-06-16,2026-06-16 11:00:38.191,карта,ANON-0000-0000-0303,37.72,Горячий шоколад
2026-06-16,2026-06-16 11:01:41.488,карта,ANON-0000-0000-0303,37.72,Горячий шоколад
2026-06-16,2026-06-16 12:49:27.624,карта,ANON-0000-0000-0276,32.82,Американо с молоком
2026-06-16,2026-06-16 14:00:38.992,карта,ANON-0000-0000-0274,23.02,Эспрессо
2026-06-16,2026-06-16 15:02:36.332,карта,ANON-0000-0000-0304,32.82,Американо с молоком
2026-06-16,2026-06-16 15:05:10.421,карта,ANON-0000-0000-0304,32.82,Американо с молоком
2026-06-16,2026-06-16 15:43:59.593,карта,ANON-0000-0000-0305,37.72,Горячий шоколад
2026-06-16,2026-06-16 16:47:36.521,карта,ANON-0000-0000-0306,37.72,Горячий шоколад
2026-06-16,2026-06-16 17:45:17.267,карта,ANON-0000-0000-0059,32.82,Американо с молоком
2026-06-16,2026-06-16 17:46:16.554,карта,ANON-0000-0000-0059,32.82,Американо с молоком
2026-06-17,2026-06-17 08:57:24.044,карта,ANON-0000-0000-0307,27.92,Американо
2026-06-17,2026-06-17 10:12:05.139,карта,ANON-0000-0000-0308,27.92,Кортадо
2026-06-17,2026-06-17 10:13:37.575,карта,ANON-0000-0000-0308,27.92,Кортадо
2026-06-17,2026-06-17 10:55:51.608,карта,ANON-0000-0000-0042,37.72,Капучино
2026-06-17,2026-06-17 14:51:35.381,карта,ANON-0000-0000-0164,37.72,Капучино
2026-06-17,2026-06-17 16:50:13.441,карта,ANON-0000-0000-0012,37.72,Капучино
2026-06-17,2026-06-17 16:51:11.038,карта,ANON-0000-0000-0012,37.72,Капучино
2026-06-17,2026-06-17 16:52:36.336,карта,ANON-0000-0000-0012,27.92,Американо
2026-06-17,2026-06-17 18:51:19.631,карта,ANON-0000-0000-0309,27.92,Американо
2026-06-17,2026-06-17 21:16:11.485,карта,ANON-0000-0000-0009,32.82,Американо с молоком
2026-06-18,2026-06-18 14:04:06.125,карта,ANON-0000-0000-0299,27.92,Американо
2026-06-18,2026-06-18 14:05:12.313,карта,ANON-0000-0000-0299,37.72,Капучино
2026-06-18,2026-06-18 19:20:40.571,карта,ANON-0000-0000-0154,37.72,Капучино
2026-06-18,2026-06-18 19:21:38.892,карта,ANON-0000-0000-0154,37.72,Капучино
2026-06-18,2026-06-18 20:35:49.497,карта,ANON-0000-0000-0310,27.92,Кортадо
2026-06-18,2026-06-18 21:20:49.526,карта,ANON-0000-0000-0012,32.82,Американо с молоком
2026-06-18,2026-06-18 21:22:18.518,карта,ANON-0000-0000-0012,32.82,Американо с молоком
2026-06-19,2026-06-19 07:47:19.833,карта,ANON-0000-0000-0311,37.72,Латте
2026-06-19,2026-06-19 08:17:54.508,карта,ANON-0000-0000-0141,27.92,Кортадо
2026-06-19,2026-06-19 10:54:00.492,карта,ANON-0000-0000-0312,27.92,Американо
2026-06-19,2026-06-19 11:11:27.807,карта,ANON-0000-0000-0313,37.72,Латте
2026-06-19,2026-06-19 11:12:31.412,карта,ANON-0000-0000-0313,37.72,Какао
2026-06-19,2026-06-19 14:21:36.258,карта,ANON-0000-0000-0164,32.82,Американо с молоком
2026-06-19,2026-06-19 18:28:43.437,карта,ANON-0000-0000-0153,37.72,Капучино
2026-06-19,2026-06-19 18:29:58.961,карта,ANON-0000-0000-0153,37.72,Латте
2026-06-19,2026-06-19 19:31:31.293,карта,ANON-0000-0000-0009,32.82,Американо с молоком
2026-06-19,2026-06-19 21:28:59.485,карта,ANON-0000-0000-0192,37.72,Капучино
2026-06-19,2026-06-19 21:30:03.484,карта,ANON-0000-0000-0192,32.82,Американо с молоком
2026-06-20,2026-06-20 10:50:06.453,карта,ANON-0000-0000-0097,37.72,Латте
2026-06-20,2026-06-20 18:59:02.082,карта,ANON-0000-0000-0314,37.72,Латте
2026-06-20,2026-06-20 19:00:00.237,карта,ANON-0000-0000-0314,37.72,Латте
2026-06-20,2026-06-20 21:39:10.013,карта,ANON-0000-0000-0257,37.72,Латте
2026-06-20,2026-06-20 21:57:40.554,карта,ANON-0000-0000-0009,37.72,Латте
2026-06-20,2026-06-20 21:59:17.598,карта,ANON-0000-0000-0009,32.82,Американо с молоком
2026-06-21,2026-06-21 09:59:55.930,карта,ANON-0000-0000-0311,37.72,Латте
2026-06-21,2026-06-21 10:01:40.183,карта,ANON-0000-0000-0315,27.92,Американо
2026-06-21,2026-06-21 13:19:19.416,карта,ANON-0000-0000-0012,32.82,Американо с молоком
2026-06-21,2026-06-21 13:20:31.513,карта,ANON-0000-0000-0012,32.82,Американо с молоком
2026-06-21,2026-06-21 18:12:16.064,карта,ANON-0000-0000-0316,23.02,Эспрессо
2026-06-21,2026-06-21 19:30:26.651,карта,ANON-0000-0000-0009,37.72,Латте
2026-06-21,2026-06-21 19:47:06.201,карта,ANON-0000-0000-0154,37.72,Капучино
2026-06-21,2026-06-21 19:48:06.713,карта,ANON-0000-0000-0154,37.72,Капучино
2026-06-21,2026-06-21 19:49:54.505,карта,ANON-0000-0000-0180,37.72,Капучино
2026-06-21,2026-06-21 19:51:00.211,карта,ANON-0000-0000-0180,37.72,Капучино
2026-06-21,2026-06-21 19:52:18.775,карта,ANON-0000-0000-0180,27.92,Американо
2026-06-21,2026-06-21 19:55:37.142,карта,ANON-0000-0000-0311,32.82,Американо с молоком
2026-06-22,2026-06-22 08:39:50.273,карта,ANON-0000-0000-0141,27.92,Кортадо
2026-06-22,2026-06-22 09:37:48.779,карта,ANON-0000-0000-0311,32.82,Американо с молоком
2026-06-22,2026-06-22 12:53:15.541,карта,ANON-0000-0000-0317,32.82,Американо с молоком
2026-06-22,2026-06-22 15:37:20.137,карта,ANON-0000-0000-0009,37.72,Латте
2026-06-22,2026-06-22 22:10:22.998,карта,ANON-0000-0000-0318,37.72,Капучино
2026-06-23,2026-06-23 18:12:01.406,карта,ANON-0000-0000-0012,32.82,Американо с молоком
2026-06-23,2026-06-23 18:13:50.638,карта,ANON-0000-0000-0012,32.82,Американо с молоком
2026-06-23,2026-06-23 21:06:46.956,карта,ANON-0000-0000-0319,37.72,Капучино
2026-06-23,2026-06-23 21:29:07.823,карта,ANON-0000-0000-0320,37.72,Латте
2026-06-23,2026-06-23 21:30:36.375,карта,ANON-0000-0000-0320,37.72,Капучино
2026-06-24,2026-06-24 11:44:39.939,карта,ANON-0000-0000-0164,32.82,Американо с молоком
2026-06-24,2026-06-24 11:49:36.044,карта,ANON-0000-0000-0180,37.72,Капучино
2026-06-24,2026-06-24 11:50:44.080,карта,ANON-0000-0000-0180,37.72,Капучино
2026-06-24,2026-06-24 15:02:28.995,карта,ANON-0000-0000-0321,37.72,Латте
2026-06-24,2026-06-24 16:46:00.573,карта,ANON-0000-0000-0203,37.72,Капучино
2026-06-24,2026-06-24 16:47:00.409,карта,ANON-0000-0000-0203,37.72,Капучино
2026-06-25,2026-06-25 08:19:24.244,карта,ANON-0000-0000-0322,37.72,Латте
2026-06-25,2026-06-25 10:28:26.408,карта,ANON-0000-0000-0012,32.82,Американо с молоком
2026-06-25,2026-06-25 10:29:42.410,карта,ANON-0000-0000-0040,32.82,Американо с молоком
2026-06-25,2026-06-25 11:34:52.296,карта,ANON-0000-0000-0203,37.72,Капучино
2026-06-26,2026-06-26 09:33:01.706,карта,ANON-0000-0000-0323,37.72,Латте
2026-06-26,2026-06-26 16:32:29.453,карта,ANON-0000-0000-0324,23.02,Эспрессо
2026-06-26,2026-06-26 16:34:01.607,карта,ANON-0000-0000-0325,27.92,Американо
2026-06-26,2026-06-26 21:21:53.296,карта,ANON-0000-0000-0009,37.72,Латте
2026-06-26,2026-06-26 21:27:00.807,карта,ANON-0000-0000-0009,37.72,Капучино
2026-06-26,2026-06-26 21:28:14.566,карта,ANON-0000-0000-0206,32.82,Американо с молоком
2026-06-27,2026-06-27 09:15:43.173,карта,ANON-0000-0000-0326,32.82,Американо с молоком
2026-06-27,2026-06-27 16:11:48.000,карта,ANON-0000-0000-0327,27.92,Кортадо
2026-06-27,2026-06-27 21:44:03.372,карта,ANON-0000-0000-0328,32.82,Американо с молоком
2026-06-27,2026-06-27 21:50:31.617,карта,ANON-0000-0000-0329,37.72,Капучино
2026-06-28,2026-06-28 08:08:35.044,карта,ANON-0000-0000-0141,27.92,Кортадо
2026-06-28,2026-06-28 17:51:53.993,карта,ANON-0000-0000-0274,23.02,Эспрессо
2026-06-28,2026-06-28 21:50:55.375,карта,ANON-0000-0000-0330,32.82,Американо с молоком
2026-06-28,2026-06-28 21:52:01.867,карта,ANON-0000-0000-0331,37.72,Латте
2026-06-28,2026-06-28 22:28:19.976,карта,ANON-0000-0000-0332,37.72,Капучино
2026-06-29,2026-06-29 09:47:10.304,карта,ANON-0000-0000-0097,32.82,Американо с молоком
2026-06-29,2026-06-29 11:40:19.582,карта,ANON-0000-0000-0333,32.82,Американо с молоком
2026-06-29,2026-06-29 11:41:26.609,карта,ANON-0000-0000-0333,32.82,Американо с молоком
2026-06-29,2026-06-29 12:30:24.358,карта,ANON-0000-0000-0334,37.72,Капучино
2026-06-29,2026-06-29 12:31:42.582,карта,ANON-0000-0000-0334,37.72,Капучино
2026-06-29,2026-06-29 17:23:43.583,карта,ANON-0000-0000-0335,37.72,Капучино
2026-06-29,2026-06-29 17:24:52.377,карта,ANON-0000-0000-0335,37.72,Горячий шоколад
2026-06-29,2026-06-29 21:27:22.449,карта,ANON-0000-0000-0009,37.72,Латте
2026-06-30,2026-06-30 10:28:09.842,карта,ANON-0000-0000-0336,37.72,Латте
2026-06-30,2026-06-30 13:05:50.620,карта,ANON-0000-0000-0337,23.02,Эспрессо
2026-06-30,2026-06-30 16:54:41.679,карта,ANON-0000-0000-0009,37.72,Горячий шоколад
2026-06-30,2026-06-30 21:04:09.746,карта,ANON-0000-0000-0097,32.82,Американо с молоком
2026-07-01,2026-07-01 18:07:26.760,карта,ANON-0000-0000-0012,23.02,Эспрессо
2026-07-01,2026-07-01 18:56:51.844,карта,ANON-0000-0000-0338,37.72,Капучино
2026-07-01,2026-07-01 18:57:54.267,карта,ANON-0000-0000-0339,37.72,Капучино
2026-07-02,2026-07-02 10:42:54.057,карта,ANON-0000-0000-0304,32.82,Американо с молоком
2026-07-02,2026-07-02 10:45:00.617,карта,ANON-0000-0000-0304,27.92,Американо
2026-07-02,2026-07-02 12:48:05.181,карта,ANON-0000-0000-0019,37.72,Латте
2026-07-02,2026-07-02 14:03:13.231,карта,ANON-0000-0000-0340,27.92,Американо
2026-07-02,2026-07-02 16:31:24.337,карта,ANON-0000-0000-0341,32.82,Американо с молоком
2026-07-02,2026-07-02 22:02:23.576,карта,ANON-0000-0000-0329,32.82,Американо с молоком
2026-07-03,2026-07-03 13:51:14.935,карта,ANON-0000-0000-0012,32.82,Американо с молоком
2026-07-03,2026-07-03 16:01:16.554,карта,ANON-0000-0000-0342,37.72,Капучино
2026-07-03,2026-07-03 16:50:25.223,карта,ANON-0000-0000-0343,37.72,Капучино
2026-07-03,2026-07-03 16:53:15.618,карта,ANON-0000-0000-0270,32.82,Американо с молоком
2026-07-03,2026-07-03 16:54:22.907,карта,ANON-0000-0000-0344,32.82,Американо с молоком
2026-07-03,2026-07-03 16:55:31.423,карта,ANON-0000-0000-0270,37.72,Латте
2026-07-03,2026-07-03 16:59:25.580,карта,ANON-0000-0000-0345,23.02,Эспрессо
2026-07-03,2026-07-03 17:59:01.827,карта,ANON-0000-0000-0346,37.72,Капучино
2026-07-03,2026-07-03 19:06:09.136,карта,ANON-0000-0000-0009,37.72,Латте
2026-07-04,2026-07-04 10:26:23.725,карта,ANON-0000-0000-0143,32.82,Американо с молоком
2026-07-04,2026-07-04 10:27:30.261,карта,ANON-0000-0000-0012,27.92,Американо
2026-07-05,2026-07-05 12:20:28.670,карта,ANON-0000-0000-0058,37.72,Какао
2026-07-05,2026-07-05 13:43:43.134,карта,ANON-0000-0000-0040,32.82,Американо с молоком
2026-07-05,2026-07-05 13:44:43.829,карта,ANON-0000-0000-0347,32.82,Американо с молоком
2026-07-05,2026-07-05 18:55:56.308,карта,ANON-0000-0000-0348,23.02,Эспрессо
2026-07-05,2026-07-05 19:55:07.812,карта,ANON-0000-0000-0099,27.92,Американо
2026-07-05,2026-07-05 22:11:56.471,карта,ANON-0000-0000-0349,23.02,Эспрессо
2026-07-05,2026-07-05 22:18:03.324,карта,ANON-0000-0000-0350,27.92,Американо
2026-07-05,2026-07-05 22:18:56.945,карта,ANON-0000-0000-0350,27.92,Американо
2026-07-05,2026-07-05 22:20:01.149,карта,ANON-0000-0000-0351,37.72,Капучино
2026-07-05,2026-07-05 22:21:09.457,карта,ANON-0000-0000-0351,32.82,Американо с молоком
2026-07-06,2026-07-06 10:28:06.826,карта,ANON-0000-0000-0352,37.72,Латте
2026-07-06,2026-07-06 17:15:46.042,карта,ANON-0000-0000-0009,32.82,Латте
2026-07-06,2026-07-06 17:17:01.046,карта,ANON-0000-0000-0009,32.82,Латте
2026-07-06,2026-07-06 19:09:46.107,карта,ANON-0000-0000-0012,32.82,Латте
2026-07-06,2026-07-06 19:10:39.580,карта,ANON-0000-0000-0012,27.92,Американо с молоком
2026-07-07,2026-07-07 09:04:20.169,карта,ANON-0000-0000-0303,32.82,Капучино
2026-07-07,2026-07-07 09:14:29.225,карта,ANON-0000-0000-0353,27.92,Американо с молоком
2026-07-07,2026-07-07 09:15:36.815,карта,ANON-0000-0000-0353,27.92,Американо с молоком
2026-07-07,2026-07-07 09:28:48.876,карта,ANON-0000-0000-0354,32.82,Капучино
2026-07-07,2026-07-07 09:29:56.189,карта,ANON-0000-0000-0354,32.82,Капучино
2026-07-07,2026-07-07 14:56:30.193,карта,ANON-0000-0000-0355,32.82,Горячий шоколад
2026-07-07,2026-07-07 14:57:47.411,карта,ANON-0000-0000-0355,32.82,Какао
2026-07-07,2026-07-07 17:07:50.284,карта,ANON-0000-0000-0356,32.82,Латте
2026-07-07,2026-07-07 19:33:27.187,карта,ANON-0000-0000-0357,32.82,Капучино
2026-07-07,2026-07-07 20:01:31.653,карта,ANON-0000-0000-0358,32.82,Горячий шоколад
2026-07-07,2026-07-07 22:33:36.255,карта,ANON-0000-0000-0359,27.92,Американо с молоком
2026-07-08,2026-07-08 07:33:07.724,карта,ANON-0000-0000-0360,32.82,Латте
2026-07-08,2026-07-08 12:02:50.421,карта,ANON-0000-0000-0361,23.02,Американо
2026-07-08,2026-07-08 14:40:24.350,карта,ANON-0000-0000-0362,23.02,Американо
2026-07-08,2026-07-08 19:30:34.976,карта,ANON-0000-0000-0363,27.92,Американо с молоком
2026-07-08,2026-07-08 22:14:46.180,карта,ANON-0000-0000-0019,32.82,Латте
2026-07-09,2026-07-09 10:26:52.138,карта,ANON-0000-0000-0333,27.92,Американо с молоком
2026-07-09,2026-07-09 10:40:28.767,карта,ANON-0000-0000-0276,27.92,Американо с молоком
2026-07-09,2026-07-09 11:21:36.103,карта,ANON-0000-0000-0194,27.92,Американо с молоком
2026-07-09,2026-07-09 11:22:49.904,карта,ANON-0000-0000-0194,32.82,Капучино
2026-07-09,2026-07-09 16:42:59.535,карта,ANON-0000-0000-0364,27.92,Американо с молоком
2026-07-10,2026-07-10 11:10:41.690,карта,ANON-0000-0000-0365,23.02,Американо
2026-07-10,2026-07-10 12:28:53.659,карта,ANON-0000-0000-0366,27.92,Американо с молоком
2026-07-10,2026-07-10 22:13:10.049,карта,ANON-0000-0000-0328,32.82,Латте
2026-07-11,2026-07-11 11:27:27.562,карта,ANON-0000-0000-0367,32.82,Горячий шоколад
2026-07-11,2026-07-11 16:48:18.709,карта,ANON-0000-0000-0368,27.92,Американо с молоком
2026-07-11,2026-07-11 22:22:13.648,карта,ANON-0000-0000-0369,32.82,Латте
2026-07-11,2026-07-11 22:30:58.541,карта,ANON-0000-0000-0370,23.02,Американо
2026-07-12,2026-07-12 08:03:17.492,карта,ANON-0000-0000-0371,23.02,Кортадо
2026-07-12,2026-07-12 11:48:33.381,карта,ANON-0000-0000-0372,32.82,Горячий шоколад
2026-07-12,2026-07-12 22:33:25.589,карта,ANON-0000-0000-0178,32.82,Горячий шоколад
2026-07-12,2026-07-12 22:34:14.307,карта,ANON-0000-0000-0177,32.82,Горячий шоколад
2026-07-12,2026-07-12 22:35:29.518,карта,ANON-0000-0000-0179,32.82,Горячий шоколад
2026-07-13,2026-07-13 10:38:10.273,карта,ANON-0000-0000-0365,32.82,Латте
2026-07-13,2026-07-13 11:41:38.089,карта,ANON-0000-0000-0365,32.82,Латте
2026-07-14,2026-07-14 10:54:24.307,карта,ANON-0000-0000-0373,23.02,Американо
2026-07-14,2026-07-14 10:55:30.525,карта,ANON-0000-0000-0373,27.92,Американо с молоком
2026-07-14,2026-07-14 10:56:30.251,карта,ANON-0000-0000-0373,32.82,Капучино
2026-07-14,2026-07-14 10:57:54.062,карта,ANON-0000-0000-0374,32.82,Латте
2026-07-14,2026-07-14 11:02:11.798,карта,ANON-0000-0000-0375,23.02,Американо
2026-07-14,2026-07-14 22:31:29.976,карта,ANON-0000-0000-0376,32.82,Латте
2026-07-15,2026-07-15 07:33:05.557,карта,ANON-0000-0000-0377,32.82,Капучино
2026-07-16,2026-07-16 12:23:37.467,карта,ANON-0000-0000-0378,27.92,Американо с молоком
2026-07-16,2026-07-16 19:29:25.485,карта,ANON-0000-0000-0367,32.82,Горячий шоколад
2026-07-17,2026-07-17 13:04:59.744,карта,ANON-0000-0000-0379,27.92,Американо с молоком
2026-07-18,2026-07-18 11:10:13.393,карта,ANON-0000-0000-0380,27.92,Американо с молоком
2026-07-18,2026-07-18 11:11:23.434,карта,ANON-0000-0000-0381,18.12,Эспрессо
2026-07-18,2026-07-18 11:32:59.624,карта,ANON-0000-0000-0059,23.02,Американо
2026-07-18,2026-07-18 11:34:48.437,карта,ANON-0000-0000-0059,23.02,Американо
2026-07-18,2026-07-18 11:35:51.505,карта,ANON-0000-0000-0059,23.02,Кортадо
2026-07-18,2026-07-18 13:23:33.812,карта,ANON-0000-0000-0375,32.82,Латте
2026-07-18,2026-07-18 18:18:23.378,карта,ANON-0000-0000-0382,32.82,Капучино
2026-07-18,2026-07-18 19:30:50.562,карта,ANON-0000-0000-0009,32.82,Латте
2026-07-18,2026-07-18 21:19:41.814,карта,ANON-0000-0000-0383,32.82,Горячий шоколад
2026-07-18,2026-07-18 21:21:59.855,карта,ANON-0000-0000-0383,32.82,Латте
2026-07-18,2026-07-18 21:46:18.674,карта,ANON-0000-0000-0384,32.82,Латте
2026-07-19,2026-07-19 11:03:02.341,карта,ANON-0000-0000-0375,23.02,Американо
2026-07-19,2026-07-19 11:16:20.509,карта,ANON-0000-0000-0385,27.92,Американо с молоком
2026-07-19,2026-07-19 12:58:37.561,карта,ANON-0000-0000-0386,32.82,Латте
2026-07-19,2026-07-19 12:59:55.383,карта,ANON-0000-0000-0386,27.92,Американо с молоком
2026-07-19,2026-07-19 14:09:20.716,карта,ANON-0000-0000-0384,32.82,Латте
2026-07-19,2026-07-19 14:11:22.105,карта,ANON-0000-0000-0384,32.82,Какао
2026-07-19,2026-07-19 16:36:19.272,карта,ANON-0000-0000-0384,32.82,Латте
2026-07-19,2026-07-19 16:37:35.808,карта,ANON-0000-0000-0384,32.82,Латте
2026-07-20,2026-07-20 08:05:44.469,карта,ANON-0000-0000-0387,23.02,Американо
2026-07-20,2026-07-20 08:06:48.685,карта,ANON-0000-0000-0387,32.82,Латте
2026-07-20,2026-07-20 08:07:51.433,карта,ANON-0000-0000-0387,23.02,Американо
2026-07-20,2026-07-20 09:00:53.605,карта,ANON-0000-0000-0388,32.82,Латте
2026-07-20,2026-07-20 09:02:27.848,карта,ANON-0000-0000-0389,32.82,Латте
2026-07-20,2026-07-20 10:39:21.044,карта,ANON-0000-0000-0390,23.02,Американо
2026-07-20,2026-07-20 15:15:09.221,карта,ANON-0000-0000-0391,32.82,Латте
2026-07-21,2026-07-21 10:30:55.818,карта,ANON-0000-0000-0367,32.82,Какао
2026-07-21,2026-07-21 11:39:28.776,карта,ANON-0000-0000-0392,32.82,Капучино
2026-07-21,2026-07-21 13:34:30.849,карта,ANON-0000-0000-0393,23.02,Кортадо
2026-07-21,2026-07-21 13:42:31.444,карта,ANON-0000-0000-0394,32.82,Латте
2026-07-22,2026-07-22 08:13:23.147,карта,ANON-0000-0000-0375,23.02,Американо
2026-07-22,2026-07-22 08:40:49.554,карта,ANON-0000-0000-0395,23.02,Американо
2026-07-22,2026-07-22 10:15:37.266,карта,ANON-0000-0000-0385,27.92,Американо с молоком
2026-07-22,2026-07-22 16:44:37.593,карта,ANON-0000-0000-0396,32.82,Латте
2026-07-23,2026-07-23 08:12:56.229,карта,ANON-0000-0000-0197,32.82,Латте
2026-07-23,2026-07-23 08:40:18.981,карта,ANON-0000-0000-0395,23.02,Американо
2026-07-23,2026-07-23 08:44:53.816,карта,ANON-0000-0000-0397,27.92,Американо с молоком
2026-07-23,2026-07-23 08:49:25.107,карта,ANON-0000-0000-0398,32.82,Какао
2026-07-23,2026-07-23 08:51:10.365,карта,ANON-0000-0000-0399,32.82,Латте
2026-07-23,2026-07-23 09:01:45.707,карта,ANON-0000-0000-0375,23.02,Американо
2026-07-23,2026-07-23 10:03:36.492,карта,ANON-0000-0000-0400,27.92,Американо с молоком
2026-07-23,2026-07-23 15:20:04.971,карта,ANON-0000-0000-0401,27.92,Американо с молоком
2026-07-23,2026-07-23 15:21:01.280,карта,ANON-0000-0000-0401,32.82,Латте
2026-07-23,2026-07-23 21:01:40.612,карта,ANON-0000-0000-0009,32.82,Латте
2026-07-23,2026-07-23 21:23:13.501,карта,ANON-0000-0000-0012,23.02,Американо
2026-07-23,2026-07-23 21:24:22.609,карта,ANON-0000-0000-0012,23.02,Американо
2026-07-24,2026-07-24 09:16:09.814,карта,ANON-0000-0000-0097,27.92,Американо с молоком
2026-07-24,2026-07-24 09:38:55.007,карта,ANON-0000-0000-0385,27.92,Американо с молоком
2026-07-24,2026-07-24 09:54:37.456,карта,ANON-0000-0000-0402,18.12,Эспрессо
2026-07-24,2026-07-24 11:43:53.121,карта,ANON-0000-0000-0379,32.82,Капучино
2026-07-24,2026-07-24 13:55:13.821,карта,ANON-0000-0000-0399,32.82,Латте
2026-07-24,2026-07-24 14:45:49.766,карта,ANON-0000-0000-0012,18.12,Эспрессо
2026-07-24,2026-07-24 15:18:30.522,карта,ANON-0000-0000-0009,32.82,Латте
2026-07-24,2026-07-24 19:15:05.678,карта,ANON-0000-0000-0205,32.82,Капучино
2026-07-24,2026-07-24 19:16:59.779,карта,ANON-0000-0000-0205,32.82,Капучино
2026-07-24,2026-07-24 21:17:36.797,карта,ANON-0000-0000-0040,27.92,Американо с молоком
2026-07-24,2026-07-24 21:18:41.294,карта,ANON-0000-0000-0040,23.02,Американо
2026-07-24,2026-07-24 21:25:17.493,карта,ANON-0000-0000-0012,23.02,Американо
2026-07-25,2026-07-25 07:54:47.935,карта,ANON-0000-0000-0012,23.02,Американо
2026-07-25,2026-07-25 08:49:18.428,карта,ANON-0000-0000-0399,32.82,Латте
2026-07-25,2026-07-25 10:29:44.629,карта,ANON-0000-0000-0385,27.92,Американо с молоком
2026-07-25,2026-07-25 11:26:04.701,карта,ANON-0000-0000-0375,23.02,Американо
2026-07-25,2026-07-25 15:25:06.512,карта,ANON-0000-0000-0403,32.82,Капучино
2026-07-25,2026-07-25 19:21:00.764,карта,ANON-0000-0000-0257,32.82,Капучино
2026-07-25,2026-07-25 21:06:01.272,карта,ANON-0000-0000-0404,23.02,Кортадо
2026-07-25,2026-07-25 21:06:50.002,карта,ANON-0000-0000-0404,18.12,Эспрессо
2026-07-25,2026-07-25 22:38:51.330,карта,ANON-0000-0000-0328,23.02,Кортадо
2026-07-25,2026-07-25 22:39:46.790,карта,ANON-0000-0000-0405,32.82,Какао
2026-07-26,2026-07-26 08:33:01.273,карта,ANON-0000-0000-0406,32.82,Латте
2026-07-26,2026-07-26 09:19:37.376,карта,ANON-0000-0000-0097,27.92,Американо с молоком
2026-07-26,2026-07-26 09:20:34.344,карта,ANON-0000-0000-0059,18.12,Эспрессо
2026-07-26,2026-07-26 09:33:11.511,карта,ANON-0000-0000-0407,23.02,Кортадо
2026-07-26,2026-07-26 09:34:16.633,карта,ANON-0000-0000-0407,23.02,Кортадо
2026-07-26,2026-07-26 09:59:07.867,карта,ANON-0000-0000-0408,32.82,Латте
2026-07-26,2026-07-26 10:00:02.719,карта,ANON-0000-0000-0408,32.82,Латте
2026-07-26,2026-07-26 11:47:13.855,карта,ANON-0000-0000-0385,27.92,Американо с молоком
2026-07-26,2026-07-26 12:07:01.670,карта,ANON-0000-0000-0379,27.92,Американо с молоком
2026-07-26,2026-07-26 12:28:08.044,карта,ANON-0000-0000-0339,32.82,Капучино
2026-07-26,2026-07-26 12:29:17.708,карта,ANON-0000-0000-0339,32.82,Капучино
2026-07-26,2026-07-26 13:09:56.138,карта,ANON-0000-0000-0409,32.82,Латте
2026-07-26,2026-07-26 17:23:29.347,карта,ANON-0000-0000-0410,23.02,Американо
2026-07-26,2026-07-26 17:58:29.217,карта,ANON-0000-0000-0411,32.82,Капучино
2026-07-26,2026-07-26 21:15:09.612,карта,ANON-0000-0000-0009,32.82,Латте
2026-07-26,2026-07-26 22:49:52.318,карта,ANON-0000-0000-0412,27.92,Американо с молоком
2026-07-27,2026-07-27 09:09:16.457,карта,ANON-0000-0000-0097,32.82,Капучино
2026-07-27,2026-07-27 11:55:31.381,карта,ANON-0000-0000-0413,27.92,Американо с молоком
2026-07-27,2026-07-27 12:25:10.115,карта,ANON-0000-0000-0059,27.92,Американо с молоком
2026-07-27,2026-07-27 12:26:13.159,карта,ANON-0000-0000-0040,18.12,Эспрессо
2026-07-27,2026-07-27 12:33:23.070,карта,ANON-0000-0000-0059,27.92,Американо с молоком
2026-07-27,2026-07-27 14:28:41.904,карта,ANON-0000-0000-0225,18.12,Эспрессо
2026-07-27,2026-07-27 14:51:53.196,карта,ANON-0000-0000-0077,32.82,Латте
2026-07-27,2026-07-27 17:02:33.358,карта,ANON-0000-0000-0414,32.82,Капучино
2026-07-27,2026-07-27 17:03:39.112,карта,ANON-0000-0000-0415,32.82,Капучино
2026-07-27,2026-07-27 17:09:00.424,карта,ANON-0000-0000-0416,27.92,Американо с молоком
2026-07-27,2026-07-27 17:10:08.074,карта,ANON-0000-0000-0416,27.92,Американо с молоком
2026-07-27,2026-07-27 20:55:20.175,карта,ANON-0000-0000-0009,32.82,Латте
2026-07-27,2026-07-27 22:56:23.915,карта,ANON-0000-0000-0417,32.82,Капучино
2026-07-28,2026-07-28 11:07:25.920,карта,ANON-0000-0000-0012,18.12,Эспрессо
2026-07-28,2026-07-28 14:17:54.205,карта,ANON-0000-0000-0276,27.92,Американо с молоком
2026-07-28,2026-07-28 14:18:52.196,карта,ANON-0000-0000-0276,32.82,Латте
2026-07-29,2026-07-29 08:12:06.406,карта,ANON-0000-0000-0418,32.82,Латте
2026-07-29,2026-07-29 09:04:47.972,карта,ANON-0000-0000-0012,23.02,Американо
2026-07-29,2026-07-29 09:15:46.155,карта,ANON-0000-0000-0097,27.92,Американо с молоком
2026-07-29,2026-07-29 09:19:44.082,карта,ANON-0000-0000-0003,23.02,Американо
2026-07-29,2026-07-29 09:51:24.747,карта,ANON-0000-0000-0419,27.92,Американо с молоком
2026-07-29,2026-07-29 09:58:29.639,карта,ANON-0000-0000-0420,32.82,Капучино
2026-07-29,2026-07-29 10:43:43.961,карта,ANON-0000-0000-0421,32.82,Горячий шоколад
2026-07-29,2026-07-29 10:44:55.846,карта,ANON-0000-0000-0421,32.82,Горячий шоколад
2026-07-29,2026-07-29 19:06:31.131,карта,ANON-0000-0000-0422,32.82,Капучино
2026-07-29,2026-07-29 19:30:16.319,карта,ANON-0000-0000-0099,23.02,Американо
2026-07-29,2026-07-29 21:57:34.419,карта,ANON-0000-0000-0328,32.82,Какао
2026-07-30,2026-07-30 07:41:10.945,карта,ANON-0000-0000-0423,27.92,Американо с молоком
2026-07-30,2026-07-30 08:05:07.216,карта,ANON-0000-0000-0424,23.02,Кортадо
2026-07-30,2026-07-30 08:20:51.115,карта,ANON-0000-0000-0425,32.82,Капучино
2026-07-30,2026-07-30 09:13:43.217,карта,ANON-0000-0000-0097,27.92,Американо с молоком
2026-07-30,2026-07-30 10:17:11.147,карта,ANON-0000-0000-0141,23.02,Кортадо
2026-07-30,2026-07-30 10:19:34.213,карта,ANON-0000-0000-0276,27.92,Американо с молоком
2026-07-30,2026-07-30 10:23:20.120,карта,ANON-0000-0000-0250,32.82,Латте
2026-07-30,2026-07-30 11:12:07.359,карта,ANON-0000-0000-0426,23.02,Американо
2026-07-30,2026-07-30 11:13:16.218,карта,ANON-0000-0000-0426,18.12,Эспрессо
2026-07-30,2026-07-30 11:14:41.678,карта,ANON-0000-0000-0427,27.92,Американо с молоком
2026-07-30,2026-07-30 11:16:01.630,карта,ANON-0000-0000-0428,27.92,Американо с молоком
2026-07-30,2026-07-30 11:30:34.737,карта,ANON-0000-0000-0429,27.92,Американо с молоком
2026-07-30,2026-07-30 11:31:40.809,карта,ANON-0000-0000-0430,27.92,Американо с молоком
2026-07-30,2026-07-30 12:08:07.508,карта,ANON-0000-0000-0431,32.82,Латте
2026-07-30,2026-07-30 15:16:09.628,карта,ANON-0000-0000-0432,27.92,Американо с молоком
2026-07-30,2026-07-30 16:08:52.876,карта,ANON-0000-0000-0433,23.02,Кортадо
2026-07-30,2026-07-30 16:09:43.627,карта,ANON-0000-0000-0433,27.92,Американо с молоком
2026-07-30,2026-07-30 20:24:19.874,карта,ANON-0000-0000-0434,18.12,Эспрессо
2026-07-30,2026-07-30 20:53:51.866,карта,ANON-0000-0000-0097,27.92,Американо с молоком
2026-07-30,2026-07-30 20:54:46.316,карта,ANON-0000-0000-0097,27.92,Американо с молоком
2026-07-30,2026-07-30 20:57:02.324,карта,ANON-0000-0000-0347,27.92,Американо с молоком
2026-07-30,2026-07-30 21:33:19.198,карта,ANON-0000-0000-0435,32.82,Латте
2026-07-30,2026-07-30 22:15:21.484,карта,ANON-0000-0000-0436,23.02,Американо
2026-07-30,2026-07-30 22:16:19.260,карта,ANON-0000-0000-0436,32.82,Капучино
2026-07-31,2026-07-31 07:59:52.098,карта,ANON-0000-0000-0423,27.92,Американо с молоком
2026-07-31,2026-07-31 08:37:41.943,карта,ANON-0000-0000-0437,27.92,Американо с молоком
2026-07-31,2026-07-31 08:38:38.236,карта,ANON-0000-0000-0437,27.92,Американо с молоком
2026-07-31,2026-07-31 09:54:45.315,карта,ANON-0000-0000-0388,23.02,Американо
2026-07-31,2026-07-31 09:55:45.142,карта,ANON-0000-0000-0388,23.02,Американо
2026-07-31,2026-07-31 09:58:15.863,карта,ANON-0000-0000-0276,27.92,Американо с молоком
2026-07-31,2026-07-31 13:11:42.609,карта,ANON-0000-0000-0384,32.82,Какао
2026-07-31,2026-07-31 13:14:00.286,карта,ANON-0000-0000-0384,32.82,Латте
2026-07-31,2026-07-31 13:24:49.437,карта,ANON-0000-0000-0438,27.92,Американо с молоком
2026-07-31,2026-07-31 17:48:06.787,карта,ANON-0000-0000-0439,23.02,Кортадо
2026-07-31,2026-07-31 18:04:14.972,карта,ANON-0000-0000-0440,32.82,Латте
2026-07-31,2026-07-31 19:22:38.883,карта,ANON-0000-0000-0441,23.02,Кортадо
2026-07-31,2026-07-31 19:28:45.141,карта,ANON-0000-0000-0009,32.82,Латте
2026-07-31,2026-07-31 20:46:42.418,карта,ANON-0000-0000-0442,32.82,Какао
2026-07-31,2026-07-31 20:50:07.411,карта,ANON-0000-0000-0443,23.02,Кортадо
2026-07-31,2026-07-31 20:51:10.383,карта,ANON-0000-0000-0443,32.82,Латте
2026-07-31,2026-07-31 20:52:14.802,карта,ANON-0000-0000-0153,32.82,Капучино
2026-07-31,2026-07-31 20:53:35.077,карта,ANON-0000-0000-0443,23.02,Кортадо
2026-07-31,2026-07-31 20:59:25.013,карта,ANON-0000-0000-0040,27.92,Американо с молоком
2026-07-31,2026-07-31 21:26:26.000,карта,ANON-0000-0000-0444,32.82,Латте
2026-07-31,2026-07-31 21:54:11.824,карта,ANON-0000-0000-0445,32.82,Латте
2026-07-31,2026-07-31 21:55:16.570,карта,ANON-0000-0000-0446,32.82,Латте
2026-08-01,2026-08-01 07:31:00.085,карта,ANON-0000-0000-0423,27.92,Американо с молоком
2026-08-01,2026-08-01 09:25:20.060,карта,ANON-0000-0000-0276,27.92,Американо с молоком
2026-08-01,2026-08-01 11:04:14.067,карта,ANON-0000-0000-0097,27.92,Американо с молоком
2026-08-01,2026-08-01 11:22:46.369,карта,ANON-0000-0000-0447,27.92,Американо с молоком
2026-08-01,2026-08-01 13:22:46.601,карта,ANON-0000-0000-0448,23.02,Кортадо
2026-08-01,2026-08-01 13:23:37.314,карта,ANON-0000-0000-0448,32.82,Капучино
2026-08-01,2026-08-01 13:49:07.265,карта,ANON-0000-0000-0449,32.82,Капучино
2026-08-01,2026-08-01 15:43:43.820,карта,ANON-0000-0000-0423,27.92,Американо с молоком
2026-08-01,2026-08-01 16:24:00.663,карта,ANON-0000-0000-0450,27.92,Американо с молоком
2026-08-01,2026-08-01 16:26:07.331,карта,ANON-0000-0000-0450,23.02,Американо
2026-08-01,2026-08-01 17:23:35.238,карта,ANON-0000-0000-0451,23.02,Американо
2026-08-01,2026-08-01 20:41:28.118,карта,ANON-0000-0000-0452,32.82,Капучино
2026-08-02,2026-08-02 09:01:54.165,карта,ANON-0000-0000-0453,27.92,Американо с молоком
2026-08-02,2026-08-02 09:35:02.899,карта,ANON-0000-0000-0097,27.92,Американо с молоком
2026-08-02,2026-08-02 11:09:19.465,карта,ANON-0000-0000-0141,23.02,Кортадо
2026-08-02,2026-08-02 18:08:35.282,карта,ANON-0000-0000-0454,27.92,Американо с молоком
2026-08-02,2026-08-02 21:23:04.359,карта,ANON-0000-0000-0009,32.82,Латте
2026-08-03,2026-08-03 08:53:46.651,карта,ANON-0000-0000-0097,27.92,Американо с молоком
2026-08-03,2026-08-03 09:37:19.213,карта,ANON-0000-0000-0401,27.92,Американо с молоком
2026-08-03,2026-08-03 09:38:41.010,карта,ANON-0000-0000-0401,27.92,Американо с молоком
2026-08-03,2026-08-03 10:12:25.650,карта,ANON-0000-0000-0304,27.92,Американо с молоком
2026-08-03,2026-08-03 11:20:26.571,карта,ANON-0000-0000-0455,23.02,Кортадо
2026-08-03,2026-08-03 11:21:22.000,карта,ANON-0000-0000-0455,23.02,Кортадо
2026-08-03,2026-08-03 11:56:36.628,карта,ANON-0000-0000-0040,18.12,Эспрессо
2026-08-03,2026-08-03 11:57:31.273,карта,ANON-0000-0000-0040,27.92,Американо с молоком
2026-08-03,2026-08-03 12:03:35.777,карта,ANON-0000-0000-0040,27.92,Американо с молоком
2026-08-03,2026-08-03 16:53:59.927,карта,ANON-0000-0000-0322,27.92,Американо с молоком
2026-08-03,2026-08-03 18:38:42.026,карта,ANON-0000-0000-0456,32.82,Капучино
2026-08-03,2026-08-03 21:30:48.958,карта,ANON-0000-0000-0457,32.82,Латте
2026-08-03,2026-08-03 21:33:06.265,карта,ANON-0000-0000-0457,32.82,Латте
2026-08-04,2026-08-04 08:18:37.314,карта,ANON-0000-0000-0458,32.82,Капучино
2026-08-04,2026-08-04 10:37:51.103,карта,ANON-0000-0000-0040,27.92,Американо с молоком
2026-08-04,2026-08-04 11:50:54.603,карта,ANON-0000-0000-0258,32.82,Капучино
2026-08-04,2026-08-04 11:52:33.017,карта,ANON-0000-0000-0258,27.92,Американо с молоком
2026-08-04,2026-08-04 15:33:52.137,карта,ANON-0000-0000-0268,32.82,Капучино
2026-08-04,2026-08-04 15:35:05.906,карта,ANON-0000-0000-0268,32.82,Капучино
2026-08-05,2026-08-05 08:50:05.753,карта,ANON-0000-0000-0459,23.02,Кортадо
2026-08-05,2026-08-05 09:19:19.176,карта,ANON-0000-0000-0097,27.92,Американо с молоком
2026-08-05,2026-08-05 11:20:47.444,карта,ANON-0000-0000-0375,23.02,Кортадо
2026-08-05,2026-08-05 13:45:22.454,карта,ANON-0000-0000-0460,32.82,Капучино
2026-08-05,2026-08-05 16:05:57.738,карта,ANON-0000-0000-0461,32.82,Латте
2026-08-05,2026-08-05 16:07:18.837,карта,ANON-0000-0000-0461,32.82,Латте
2026-08-05,2026-08-05 17:44:24.506,карта,ANON-0000-0000-0462,32.82,Латте
2026-08-05,2026-08-05 17:45:32.117,карта,ANON-0000-0000-0462,27.92,Американо с молоком
2026-08-05,2026-08-05 19:20:02.677,карта,ANON-0000-0000-0019,32.82,Латте
2026-08-05,2026-08-05 19:34:51.484,карта,ANON-0000-0000-0009,32.82,Латте
2026-08-05,2026-08-05 20:49:30.945,карта,ANON-0000-0000-0463,32.82,Какао
2026-08-05,2026-08-05 20:50:21.919,карта,ANON-0000-0000-0463,32.82,Какао
2026-08-05,2026-08-05 22:43:48.193,карта,ANON-0000-0000-0464,27.92,Американо с молоком
2026-08-06,2026-08-06 10:21:03.320,карта,ANON-0000-0000-0375,23.02,Кортадо
2026-08-06,2026-08-06 10:32:32.335,карта,ANON-0000-0000-0465,32.82,Горячий шоколад
2026-08-06,2026-08-06 17:40:49.201,карта,ANON-0000-0000-0466,32.82,Капучино
2026-08-06,2026-08-06 17:42:52.700,карта,ANON-0000-0000-0466,32.82,Латте
2026-08-06,2026-08-06 17:44:05.067,карта,ANON-0000-0000-0466,32.82,Какао
2026-08-06,2026-08-06 19:04:04.544,карта,ANON-0000-0000-0019,32.82,Латте
2026-08-06,2026-08-06 19:05:23.110,карта,ANON-0000-0000-0467,27.92,Американо с молоком
2026-08-06,2026-08-06 20:04:27.133,карта,ANON-0000-0000-0468,32.82,Латте
2026-08-07,2026-08-07 08:55:48.455,карта,ANON-0000-0000-0453,27.92,Американо с молоком
2026-08-07,2026-08-07 12:12:26.800,карта,ANON-0000-0000-0003,23.02,Американо
2026-08-07,2026-08-07 12:13:40.664,карта,ANON-0000-0000-0003,23.02,Американо
2026-08-07,2026-08-07 13:11:16.155,карта,ANON-0000-0000-0469,18.12,Эспрессо
2026-08-07,2026-08-07 16:19:01.657,карта,ANON-0000-0000-0470,23.02,Американо
2026-08-07,2026-08-07 19:36:22.739,карта,ANON-0000-0000-0009,32.82,Латте
2026-08-07,2026-08-07 20:40:09.281,карта,ANON-0000-0000-0442,32.82,Какао
2026-08-07,2026-08-07 21:18:11.990,карта,ANON-0000-0000-0328,32.82,Капучино
2026-08-07,2026-08-07 22:28:56.686,карта,ANON-0000-0000-0471,32.82,Латте
2026-08-07,2026-08-07 22:32:15.971,карта,ANON-0000-0000-0472,32.82,Латте
2026-08-08,2026-08-08 08:46:36.204,карта,ANON-0000-0000-0141,18.12,Эспрессо
2026-08-08,2026-08-08 08:47:28.686,карта,ANON-0000-0000-0141,23.02,Кортадо
2026-08-08,2026-08-08 12:27:05.373,карта,ANON-0000-0000-0420,27.92,Американо с молоком
2026-08-08,2026-08-08 12:43:19.558,карта,ANON-0000-0000-0141,23.02,Кортадо
2026-08-08,2026-08-08 12:44:14.953,карта,ANON-0000-0000-0141,23.02,Кортадо
2026-08-08,2026-08-08 16:57:53.266,карта,ANON-0000-0000-0473,32.82,Капучино
2026-08-08,2026-08-08 17:17:51.749,карта,ANON-0000-0000-0474,32.82,Капучино
2026-08-08,2026-08-08 21:25:59.265,карта,ANON-0000-0000-0311,27.92,Американо с молоком
2026-08-09,2026-08-09 07:35:22.340,карта,ANON-0000-0000-0475,32.82,Латте
2026-08-09,2026-08-09 09:53:34.553,карта,ANON-0000-0000-0476,23.02,Американо
2026-08-09,2026-08-09 10:13:07.537,карта,ANON-0000-0000-0141,23.02,Кортадо
2026-08-09,2026-08-09 10:26:47.174,карта,ANON-0000-0000-0311,27.92,Американо с молоком
2026-08-09,2026-08-09 11:28:08.722,карта,ANON-0000-0000-0475,32.82,Латте
2026-08-09,2026-08-09 11:29:48.682,карта,ANON-0000-0000-0477,23.02,Американо
2026-08-09,2026-08-09 18:56:27.712,карта,ANON-0000-0000-0478,23.02,Американо
2026-08-09,2026-08-09 19:03:06.611,карта,ANON-0000-0000-0479,32.82,Горячий шоколад
2026-08-10,2026-08-10 08:36:44.628,карта,ANON-0000-0000-0480,32.82,Капучино
2026-08-10,2026-08-10 08:37:57.069,карта,ANON-0000-0000-0480,27.92,Американо с молоком
2026-08-10,2026-08-10 08:45:09.019,карта,ANON-0000-0000-0141,23.02,Кортадо
2026-08-10,2026-08-10 11:52:33.836,карта,ANON-0000-0000-0012,23.02,Кортадо
2026-08-10,2026-08-10 11:54:23.534,карта,ANON-0000-0000-0012,23.02,Американо
2026-08-10,2026-08-10 12:15:10.927,карта,ANON-0000-0000-0481,32.82,Латте
2026-08-10,2026-08-10 12:33:12.454,карта,ANON-0000-0000-0463,27.92,Американо с молоком
2026-08-10,2026-08-10 16:06:12.085,карта,ANON-0000-0000-0009,32.82,Латте
2026-08-10,2026-08-10 21:16:48.562,карта,ANON-0000-0000-0482,32.82,Какао
2026-08-10,2026-08-10 21:17:41.087,карта,ANON-0000-0000-0482,32.82,Какао
2026-08-10,2026-08-10 21:37:41.517,карта,ANON-0000-0000-0442,32.82,Какао
2026-08-11,2026-08-11 09:52:36.590,карта,ANON-0000-0000-0440,32.82,Латте
2026-08-11,2026-08-11 09:53:43.564,карта,ANON-0000-0000-0440,32.82,Латте
2026-08-11,2026-08-11 10:17:23.636,карта,ANON-0000-0000-0347,27.92,Американо с молоком
2026-08-11,2026-08-11 11:56:41.144,карта,ANON-0000-0000-0480,32.82,Капучино
2026-08-11,2026-08-11 11:57:41.269,карта,ANON-0000-0000-0480,27.92,Американо с молоком
2026-08-11,2026-08-11 12:20:19.570,карта,ANON-0000-0000-0141,23.02,Кортадо
2026-08-11,2026-08-11 15:53:51.552,карта,ANON-0000-0000-0483,32.82,Латте
2026-08-11,2026-08-11 15:55:14.853,карта,ANON-0000-0000-0484,27.92,Американо с молоком
2026-08-11,2026-08-11 15:56:27.697,карта,ANON-0000-0000-0484,32.82,Какао
2026-08-11,2026-08-11 16:27:35.126,карта,ANON-0000-0000-0414,32.82,Капучино
2026-08-11,2026-08-11 16:28:38.296,карта,ANON-0000-0000-0485,18.12,Эспрессо
2026-08-11,2026-08-11 21:30:32.549,карта,ANON-0000-0000-0486,23.02,Кортадо
2026-08-11,2026-08-11 21:41:09.070,карта,ANON-0000-0000-0475,32.82,Латте
2026-08-11,2026-08-11 21:43:10.108,карта,ANON-0000-0000-0487,32.82,Латте
2026-08-11,2026-08-11 22:39:29.913,карта,ANON-0000-0000-0488,32.82,Капучино
2026-08-12,2026-08-12 08:26:19.458,карта,ANON-0000-0000-0367,32.82,Горячий шоколад
2026-08-12,2026-08-12 11:15:04.771,карта,ANON-0000-0000-0489,27.92,Американо с молоком
2026-08-12,2026-08-12 11:19:29.513,карта,ANON-0000-0000-0490,23.02,Американо
2026-08-12,2026-08-12 11:20:23.640,карта,ANON-0000-0000-0490,32.82,Латте
2026-08-12,2026-08-12 11:44:28.384,карта,ANON-0000-0000-0491,32.82,Латте
2026-08-12,2026-08-12 14:04:03.399,карта,ANON-0000-0000-0492,18.12,Эспрессо
2026-08-12,2026-08-12 14:05:06.931,карта,ANON-0000-0000-0492,27.92,Американо с молоком
2026-08-12,2026-08-12 15:33:33.110,карта,ANON-0000-0000-0493,27.92,Американо с молоком
2026-08-12,2026-08-12 18:05:04.830,карта,ANON-0000-0000-0097,27.92,Американо с молоком
2026-08-12,2026-08-12 21:25:49.351,карта,ANON-0000-0000-0097,27.92,Американо с молоком
2026-08-12,2026-08-12 21:37:38.041,карта,ANON-0000-0000-0494,32.82,Латте
2026-08-12,2026-08-12 22:58:20.072,карта,ANON-0000-0000-0134,32.82,Капучино
2026-08-12,2026-08-12 22:59:18.544,карта,ANON-0000-0000-0134,32.82,Капучино
2026-08-13,2026-08-13 08:44:30.187,карта,ANON-0000-0000-0495,27.92,Американо с молоком
2026-08-13,2026-08-13 09:14:21.598,карта,ANON-0000-0000-0097,27.92,Американо с молоком
2026-08-13,2026-08-13 09:45:56.370,карта,ANON-0000-0000-0385,27.92,Американо с молоком
2026-08-13,2026-08-13 10:42:08.773,карта,ANON-0000-0000-0141,23.02,Кортадо
2026-08-13,2026-08-13 11:59:47.612,карта,ANON-0000-0000-0496,32.82,Латте
2026-08-13,2026-08-13 13:01:41.487,карта,ANON-0000-0000-0497,27.92,Американо с молоком
2026-08-13,2026-08-13 14:45:39.689,карта,ANON-0000-0000-0494,32.82,Латте
2026-08-13,2026-08-13 15:47:56.703,карта,ANON-0000-0000-0498,32.82,Капучино
2026-08-13,2026-08-13 15:55:29.579,карта,ANON-0000-0000-0097,27.92,Американо с молоком
2026-08-13,2026-08-13 20:29:34.531,карта,ANON-0000-0000-0499,32.82,Латте
2026-08-13,2026-08-13 20:30:37.150,карта,ANON-0000-0000-0499,32.82,Какао
2026-08-13,2026-08-13 20:44:22.991,карта,ANON-0000-0000-0500,32.82,Капучино
2026-08-13,2026-08-13 21:00:44.688,карта,ANON-0000-0000-0501,23.02,Кортадо
2026-08-14,2026-08-14 07:35:48.103,карта,ANON-0000-0000-0475,32.82,Латте
2026-08-14,2026-08-14 07:36:55.599,карта,ANON-0000-0000-0472,32.82,Капучино
2026-08-14,2026-08-14 10:09:29.125,карта,ANON-0000-0000-0141,23.02,Кортадо
2026-08-14,2026-08-14 11:39:07.882,карта,ANON-0000-0000-0095,18.12,Эспрессо
2026-08-14,2026-08-14 12:49:16.951,карта,ANON-0000-0000-0502,23.02,Американо
2026-08-14,2026-08-14 12:51:04.870,карта,ANON-0000-0000-0450,23.02,Американо
2026-08-14,2026-08-14 15:21:27.260,карта,ANON-0000-0000-0503,32.82,Латте
2026-08-14,2026-08-14 17:24:22.788,карта,ANON-0000-0000-0504,23.02,Американо
2026-08-14,2026-08-14 18:10:03.723,карта,ANON-0000-0000-0505,23.02,Кортадо
2026-08-14,2026-08-14 18:59:18.279,карта,ANON-0000-0000-0506,27.92,Американо с молоком
2026-08-14,2026-08-14 19:34:51.731,карта,ANON-0000-0000-0012,32.82,Латте
2026-08-14,2026-08-14 19:35:48.545,карта,ANON-0000-0000-0012,23.02,Кортадо
2026-08-14,2026-08-14 21:41:33.021,карта,ANON-0000-0000-0507,32.82,Латте
2026-08-15,2026-08-15 09:36:11.153,карта,ANON-0000-0000-0141,23.02,Кортадо
2026-08-15,2026-08-15 09:37:02.172,карта,ANON-0000-0000-0508,32.82,Капучино
2026-08-15,2026-08-15 09:38:04.903,карта,ANON-0000-0000-0509,32.82,Горячий шоколад
2026-08-15,2026-08-15 09:38:49.735,карта,ANON-0000-0000-0509,32.82,Латте
2026-08-15,2026-08-15 12:38:37.563,карта,ANON-0000-0000-0232,32.82,Латте
2026-08-15,2026-08-15 13:48:13.601,карта,ANON-0000-0000-0510,32.82,Латте
2026-08-15,2026-08-15 14:17:48.183,карта,ANON-0000-0000-0012,23.02,Американо
2026-08-15,2026-08-15 14:18:50.777,карта,ANON-0000-0000-0012,18.12,Эспрессо
2026-08-15,2026-08-15 17:53:52.225,карта,ANON-0000-0000-0511,27.92,Американо с молоком
2026-08-15,2026-08-15 19:10:58.222,карта,ANON-0000-0000-0512,32.82,Горячий шоколад
2026-08-15,2026-08-15 19:11:54.036,карта,ANON-0000-0000-0512,27.92,Американо с молоком
2026-08-15,2026-08-15 19:41:30.244,карта,ANON-0000-0000-0513,27.92,Американо с молоком
2026-08-15,2026-08-15 19:42:37.987,карта,ANON-0000-0000-0513,23.02,Американо
2026-08-15,2026-08-15 20:40:41.516,карта,ANON-0000-0000-0514,32.82,Капучино
2026-08-15,2026-08-15 21:35:20.080,карта,ANON-0000-0000-0040,18.12,Эспрессо
2026-08-15,2026-08-15 21:36:11.033,карта,ANON-0000-0000-0040,27.92,Американо с молоком
2026-08-16,2026-08-16 12:29:16.732,карта,ANON-0000-0000-0513,32.82,Латте
2026-08-16,2026-08-16 12:54:17.452,карта,ANON-0000-0000-0515,23.02,Американо
2026-08-16,2026-08-16 13:36:12.798,карта,ANON-0000-0000-0429,27.92,Американо с молоком
2026-08-16,2026-08-16 15:18:51.737,карта,ANON-0000-0000-0012,18.12,Эспрессо
2026-08-16,2026-08-16 15:19:39.274,карта,ANON-0000-0000-0012,18.12,Эспрессо
2026-08-17,2026-08-17 09:16:53.491,карта,ANON-0000-0000-0097,27.92,Американо с молоком
2026-08-17,2026-08-17 09:18:08.983,карта,ANON-0000-0000-0516,32.82,Капучино
2026-08-17,2026-08-17 10:53:41.327,карта,ANON-0000-0000-0517,27.92,Американо с молоком
2026-08-17,2026-08-17 11:58:41.649,карта,ANON-0000-0000-0141,23.02,Кортадо
2026-08-17,2026-08-17 11:59:28.298,карта,ANON-0000-0000-0141,23.02,Кортадо
2026-08-17,2026-08-17 13:18:40.184,карта,ANON-0000-0000-0518,27.92,Американо с молоком
2026-08-17,2026-08-17 16:31:54.837,карта,ANON-0000-0000-0277,23.02,Кортадо
2026-08-17,2026-08-17 16:33:48.977,карта,ANON-0000-0000-0192,32.82,Латте
2026-08-17,2026-08-17 18:48:58.852,карта,ANON-0000-0000-0456,32.82,Капучино
2026-08-17,2026-08-17 21:18:56.806,карта,ANON-0000-0000-0040,27.92,Американо с молоком
2026-08-17,2026-08-17 22:42:39.351,карта,ANON-0000-0000-0519,32.82,Латте
2026-08-18,2026-08-18 08:09:42.601,карта,ANON-0000-0000-0520,32.82,Капучино
2026-08-18,2026-08-18 08:32:05.597,карта,ANON-0000-0000-0521,32.82,Капучино
2026-08-18,2026-08-18 08:41:06.249,карта,ANON-0000-0000-0141,23.02,Кортадо
2026-08-18,2026-08-18 08:56:01.292,карта,ANON-0000-0000-0522,27.92,Американо с молоком
2026-08-18,2026-08-18 12:31:40.892,карта,ANON-0000-0000-0463,32.82,Капучино
2026-08-18,2026-08-18 14:30:21.605,карта,ANON-0000-0000-0040,27.92,Американо с молоком
2026-08-18,2026-08-18 18:24:10.776,карта,ANON-0000-0000-0523,27.92,Американо с молоком
2026-08-18,2026-08-18 18:26:03.786,карта,ANON-0000-0000-0523,27.92,Американо с молоком
2026-08-18,2026-08-18 18:27:17.553,карта,ANON-0000-0000-0523,23.02,Американо
2026-08-18,2026-08-18 18:28:13.069,карта,ANON-0000-0000-0523,23.02,Американо
2026-08-19,2026-08-19 15:09:48.982,карта,ANON-0000-0000-0524,27.92,Американо с молоком
2026-08-19,2026-08-19 15:10:51.212,карта,ANON-0000-0000-0524,27.92,Американо с молоком
2026-08-19,2026-08-19 21:21:12.081,карта,ANON-0000-0000-0507,32.82,Латте
2026-08-19,2026-08-19 21:31:57.036,карта,ANON-0000-0000-0491,32.82,Какао
2026-08-20,2026-08-20 08:27:16.408,карта,ANON-0000-0000-0141,23.02,Кортадо
2026-08-20,2026-08-20 08:29:14.916,карта,ANON-0000-0000-0525,32.82,Латте
2026-08-20,2026-08-20 08:49:47.474,карта,ANON-0000-0000-0526,18.12,Эспрессо
2026-08-20,2026-08-20 08:50:36.343,карта,ANON-0000-0000-0526,23.02,Кортадо
2026-08-20,2026-08-20 09:14:54.885,карта,ANON-0000-0000-0097,27.92,Американо с молоком
2026-08-20,2026-08-20 11:09:55.575,карта,ANON-0000-0000-0527,23.02,Американо
2026-08-20,2026-08-20 11:11:39.083,карта,ANON-0000-0000-0528,23.02,Американо
2026-08-20,2026-08-20 11:12:31.181,карта,ANON-0000-0000-0529,23.02,Американо
2026-08-20,2026-08-20 11:42:20.000,карта,ANON-0000-0000-0141,32.82,Латте
2026-08-20,2026-08-20 20:42:40.873,карта,ANON-0000-0000-0530,32.82,Латте
2026-08-20,2026-08-20 20:44:14.852,карта,ANON-0000-0000-0531,32.82,Латте
2026-08-20,2026-08-20 20:45:12.346,карта,ANON-0000-0000-0531,32.82,Латте
2026-08-20,2026-08-20 20:46:03.989,карта,ANON-0000-0000-0532,32.82,Латте
2026-08-21,2026-08-21 07:59:13.098,карта,ANON-0000-0000-0533,27.92,Американо с молоком
2026-08-21,2026-08-21 08:40:27.393,карта,ANON-0000-0000-0141,23.02,Кортадо
2026-08-21,2026-08-21 10:13:32.404,карта,ANON-0000-0000-0375,23.02,Американо
2026-08-21,2026-08-21 10:38:44.527,карта,ANON-0000-0000-0276,27.92,Американо с молоком
2026-08-21,2026-08-21 11:51:41.439,карта,ANON-0000-0000-0141,23.02,Кортадо
2026-08-21,2026-08-21 13:17:10.750,карта,ANON-0000-0000-0534,32.82,Латте
2026-08-21,2026-08-21 19:42:03.523,карта,ANON-0000-0000-0507,32.82,Латте
2026-08-22,2026-08-22 09:22:26.297,карта,ANON-0000-0000-0141,23.02,Кортадо
2026-08-22,2026-08-22 10:09:23.470,карта,ANON-0000-0000-0419,27.92,Американо с молоком
2026-08-22,2026-08-22 10:47:59.356,карта,ANON-0000-0000-0535,27.92,Американо с молоком
2026-08-22,2026-08-22 14:16:12.066,карта,ANON-0000-0000-0510,32.82,Латте
2026-08-22,2026-08-22 14:26:58.298,карта,ANON-0000-0000-0536,32.82,Латте
2026-08-22,2026-08-22 15:07:07.427,карта,ANON-0000-0000-0537,32.82,Капучино
2026-08-22,2026-08-22 15:27:27.317,карта,ANON-0000-0000-0538,23.02,Американо
2026-08-23,2026-08-23 07:43:16.127,карта,ANON-0000-0000-0475,32.82,Латте
2026-08-23,2026-08-23 08:21:48.054,карта,ANON-0000-0000-0141,23.02,Кортадо
2026-08-23,2026-08-23 08:22:56.567,карта,ANON-0000-0000-0425,32.82,Латте
2026-08-23,2026-08-23 08:33:38.712,карта,ANON-0000-0000-0225,23.02,Американо
2026-08-23,2026-08-23 08:34:35.002,карта,ANON-0000-0000-0225,23.02,Американо
2026-08-23,2026-08-23 09:14:52.024,карта,ANON-0000-0000-0419,27.92,Американо с молоком
2026-08-23,2026-08-23 10:10:58.704,карта,ANON-0000-0000-0539,32.82,Какао
2026-08-23,2026-08-23 10:11:55.469,карта,ANON-0000-0000-0539,23.02,Американо
2026-08-23,2026-08-23 10:39:12.279,карта,ANON-0000-0000-0141,23.02,Кортадо
2026-08-23,2026-08-23 11:12:59.387,карта,ANON-0000-0000-0540,32.82,Горячий шоколад
2026-08-23,2026-08-23 13:24:54.748,карта,ANON-0000-0000-0541,23.02,Американо
2026-08-23,2026-08-23 15:28:52.779,карта,ANON-0000-0000-0542,23.02,Американо
2026-08-23,2026-08-23 19:48:02.807,карта,ANON-0000-0000-0507,32.82,Латте
2026-08-24,2026-08-24 08:13:42.270,карта,ANON-0000-0000-0141,23.02,Кортадо
2026-08-24,2026-08-24 08:14:47.637,карта,ANON-0000-0000-0141,23.02,Кортадо
2026-08-24,2026-08-24 08:44:11.575,карта,ANON-0000-0000-0543,23.02,Кортадо
2026-08-24,2026-08-24 10:18:09.485,карта,ANON-0000-0000-0544,18.12,Эспрессо
2026-08-24,2026-08-24 10:18:52.263,карта,ANON-0000-0000-0544,18.12,Эспрессо
2026-08-24,2026-08-24 10:19:49.243,карта,ANON-0000-0000-0544,23.02,Американо
2026-08-25,2026-08-25 08:14:37.382,карта,ANON-0000-0000-0141,23.02,Кортадо
2026-08-25,2026-08-25 08:26:27.671,карта,ANON-0000-0000-0408,23.02,Американо
2026-08-25,2026-08-25 08:27:36.405,карта,ANON-0000-0000-0408,23.02,Американо
2026-08-25,2026-08-25 09:24:22.265,карта,ANON-0000-0000-0545,32.82,Капучино
2026-08-25,2026-08-25 12:41:42.703,карта,ANON-0000-0000-0546,32.82,Капучино
2026-08-25,2026-08-25 14:53:02.699,карта,ANON-0000-0000-0077,32.82,Латте
2026-08-26,2026-08-26 08:11:47.295,карта,ANON-0000-0000-0141,23.02,Кортадо
2026-08-26,2026-08-26 08:16:09.611,карта,ANON-0000-0000-0408,23.02,Американо
2026-08-26,2026-08-26 08:17:23.209,карта,ANON-0000-0000-0408,23.02,Американо
2026-08-26,2026-08-26 09:21:36.706,карта,ANON-0000-0000-0097,27.92,Американо с молоком
2026-08-26,2026-08-26 10:37:44.464,карта,ANON-0000-0000-0547,32.82,Латте
2026-08-26,2026-08-26 10:38:49.037,карта,ANON-0000-0000-0548,32.82,Капучино
2026-08-26,2026-08-26 12:45:13.158,карта,ANON-0000-0000-0003,23.02,Американо
2026-08-26,2026-08-26 12:46:23.644,карта,ANON-0000-0000-0003,23.02,Американо
2026-08-26,2026-08-26 18:53:27.790,карта,ANON-0000-0000-0549,27.92,Американо с молоком
2026-08-26,2026-08-26 18:54:31.291,карта,ANON-0000-0000-0549,32.82,Латте
2026-08-26,2026-08-26 22:55:39.905,карта,ANON-0000-0000-0550,27.92,Американо с молоком
2026-08-27,2026-08-27 10:04:04.563,карта,ANON-0000-0000-0375,32.82,Латте
2026-08-28,2026-08-28 12:08:18.772,карта,ANON-0000-0000-0551,27.92,Американо с молоком
2026-08-28,2026-08-28 12:10:04.139,карта,ANON-0000-0000-0551,32.82,Капучино
2026-08-28,2026-08-28 12:35:06.944,карта,ANON-0000-0000-0375,23.02,Американо
2026-08-28,2026-08-28 13:48:35.199,карта,ANON-0000-0000-0552,27.92,Американо с молоком
2026-08-29,2026-08-29 07:29:30.319,карта,ANON-0000-0000-0553,23.02,Американо
2026-08-30,2026-08-30 17:13:30.487,карта,ANON-0000-0000-0554,32.82,Латте
2026-08-30,2026-08-30 17:14:32.791,карта,ANON-0000-0000-0554,27.92,Американо с молоком
2026-08-30,2026-08-30 17:15:35.449,карта,ANON-0000-0000-0554,27.92,Американо с молоком
2026-08-31,2026-08-31 09:08:32.487,карта,ANON-0000-0000-0371,23.02,Кортадо
2026-08-31,2026-08-31 10:02:08.193,карта,ANON-0000-0000-0555,27.92,Американо с молоком
2026-08-31,2026-08-31 10:22:26.877,карта,ANON-0000-0000-0556,18.12,Эспрессо
2026-08-31,2026-08-31 11:29:54.571,карта,ANON-0000-0000-0557,27.92,Американо с молоком
2026-08-31,2026-08-31 11:33:39.916,карта,ANON-0000-0000-0141,23.02,Кортадо
2026-08-31,2026-08-31 11:34:32.934,карта,ANON-0000-0000-0141,23.02,Кортадо
2026-09-01,2026-09-01 09:34:15.229,карта,ANON-0000-0000-0141,23.02,Кортадо
2026-09-01,2026-09-01 12:11:24.745,карта,ANON-0000-0000-0558,32.82,Капучино
2026-09-01,2026-09-01 12:30:08.620,карта,ANON-0000-0000-0181,27.92,Американо с молоком
2026-09-01,2026-09-01 12:32:22.007,карта,ANON-0000-0000-0181,23.02,Американо
2026-09-01,2026-09-01 12:50:17.448,карта,ANON-0000-0000-0559,27.92,Американо с молоком
2026-09-01,2026-09-01 13:57:33.948,карта,ANON-0000-0000-0560,32.82,Латте
2026-09-01,2026-09-01 14:44:04.027,карта,ANON-0000-0000-0385,27.92,Американо с молоком
2026-09-01,2026-09-01 17:20:46.327,карта,ANON-0000-0000-0561,32.82,Латте
2026-09-01,2026-09-01 17:23:13.869,карта,ANON-0000-0000-0562,32.82,Латте
2026-09-01,2026-09-01 17:24:49.689,карта,ANON-0000-0000-0563,32.82,Латте
2026-09-02,2026-09-02 08:24:39.805,карта,ANON-0000-0000-0425,32.82,Латте
2026-09-02,2026-09-02 08:50:17.646,карта,ANON-0000-0000-0564,27.92,Американо с молоком
2026-09-02,2026-09-02 08:51:33.148,карта,ANON-0000-0000-0565,32.82,Латте
2026-09-02,2026-09-02 14:58:47.143,карта,ANON-0000-0000-0566,27.92,Американо с молоком
2026-09-02,2026-09-02 20:09:43.923,карта,ANON-0000-0000-0567,32.82,Капучино
2026-09-02,2026-09-02 20:11:17.936,карта,ANON-0000-0000-0179,32.82,Какао
2026-09-02,2026-09-02 20:52:31.984,карта,ANON-0000-0000-0568,23.02,Американо
2026-09-02,2026-09-02 20:53:29.090,карта,ANON-0000-0000-0568,23.02,Американо
2026-09-03,2026-09-03 08:22:15.368,карта,ANON-0000-0000-0569,32.82,Какао
2026-09-03,2026-09-03 08:28:12.430,карта,ANON-0000-0000-0168,32.82,Капучино
2026-09-03,2026-09-03 08:41:11.698,карта,ANON-0000-0000-0570,32.82,Латте
2026-09-03,2026-09-03 09:03:12.473,карта,ANON-0000-0000-0571,27.92,Американо с молоком
2026-09-03,2026-09-03 09:04:11.750,карта,ANON-0000-0000-0571,32.82,Капучино
2026-09-03,2026-09-03 09:12:48.154,карта,ANON-0000-0000-0572,32.82,Какао
2026-09-03,2026-09-03 09:13:33.655,карта,ANON-0000-0000-0572,32.82,Какао
2026-09-03,2026-09-03 09:17:02.210,карта,ANON-0000-0000-0385,27.92,Американо с молоком
2026-09-03,2026-09-03 09:20:17.170,карта,ANON-0000-0000-0573,27.92,Американо с молоком
2026-09-03,2026-09-03 09:37:52.322,карта,ANON-0000-0000-0574,32.82,Латте
2026-09-03,2026-09-03 09:38:56.399,карта,ANON-0000-0000-0575,32.82,Какао
2026-09-03,2026-09-03 12:56:53.409,карта,ANON-0000-0000-0576,23.02,Кортадо
2026-09-03,2026-09-03 14:14:51.711,карта,ANON-0000-0000-0333,27.92,Американо с молоком
2026-09-03,2026-09-03 14:16:17.337,карта,ANON-0000-0000-0333,27.92,Американо с молоком
2026-09-03,2026-09-03 18:48:34.747,карта,ANON-0000-0000-0333,27.92,Американо с молоком
2026-09-03,2026-09-03 19:11:12.312,карта,ANON-0000-0000-0467,32.82,Латте
2026-09-03,2026-09-03 19:17:13.808,карта,ANON-0000-0000-0467,27.92,Американо с молоком
2026-09-04,2026-09-04 11:11:21.574,карта,ANON-0000-0000-0577,27.92,Американо с молоком
2026-09-04,2026-09-04 11:33:36.598,карта,ANON-0000-0000-0510,32.82,Латте
2026-09-04,2026-09-04 11:48:03.543,карта,ANON-0000-0000-0019,23.02,Американо
2026-09-04,2026-09-04 11:55:34.487,карта,ANON-0000-0000-0578,27.92,Американо с молоком
2026-09-04,2026-09-04 12:53:31.320,карта,ANON-0000-0000-0565,32.82,Латте
2026-09-04,2026-09-04 13:03:50.610,карта,ANON-0000-0000-0579,32.82,Латте
2026-09-04,2026-09-04 13:05:16.100,карта,ANON-0000-0000-0579,27.92,Американо с молоком
2026-09-04,2026-09-04 18:03:46.925,карта,ANON-0000-0000-0580,32.82,Капучино
2026-09-04,2026-09-04 19:41:41.962,карта,ANON-0000-0000-0097,27.92,Американо с молоком
2026-09-04,2026-09-04 21:19:35.649,карта,ANON-0000-0000-0494,32.82,Латте
2026-09-05,2026-09-05 09:31:17.020,карта,ANON-0000-0000-0385,27.92,Американо с молоком
2026-09-05,2026-09-05 10:28:56.227,карта,ANON-0000-0000-0581,27.92,Американо с молоком
2026-09-05,2026-09-05 11:06:30.599,карта,ANON-0000-0000-0019,23.02,Американо
2026-09-05,2026-09-05 14:00:27.732,карта,ANON-0000-0000-0582,32.82,Латте
2026-09-05,2026-09-05 15:25:12.342,карта,ANON-0000-0000-0583,32.82,Латте
2026-09-05,2026-09-05 16:38:50.385,карта,ANON-0000-0000-0584,23.02,Американо
2026-09-05,2026-09-05 16:39:59.634,карта,ANON-0000-0000-0585,27.92,Американо с молоком
2026-09-05,2026-09-05 17:04:28.905,карта,ANON-0000-0000-0586,32.82,Капучино
2026-09-05,2026-09-05 17:05:31.684,карта,ANON-0000-0000-0586,32.82,Капучино
2026-09-05,2026-09-05 20:30:14.964,карта,ANON-0000-0000-0587,32.82,Капучино
2026-09-05,2026-09-05 20:54:24.429,карта,ANON-0000-0000-0588,23.02,Американо
2026-09-05,2026-09-05 20:55:31.429,карта,ANON-0000-0000-0588,32.82,Капучино
2026-09-05,2026-09-05 21:26:28.836,карта,ANON-0000-0000-0040,27.92,Американо с молоком
2026-09-05,2026-09-05 21:27:29.969,карта,ANON-0000-0000-0040,27.92,Американо с молоком
2026-09-06,2026-09-06 08:25:33.870,карта,ANON-0000-0000-0582,32.82,Капучино
2026-09-06,2026-09-06 08:34:46.827,карта,ANON-0000-0000-0425,32.82,Латте
2026-09-06,2026-09-06 08:54:41.950,карта,ANON-0000-0000-0589,23.02,Американо
2026-09-06,2026-09-06 09:50:39.949,карта,ANON-0000-0000-0590,18.12,Эспрессо
2026-09-06,2026-09-06 09:51:52.216,карта,ANON-0000-0000-0590,32.82,Латте
2026-09-06,2026-09-06 10:30:06.049,карта,ANON-0000-0000-0591,32.82,Горячий шоколад
2026-09-06,2026-09-06 11:23:25.390,карта,ANON-0000-0000-0095,18.12,Эспрессо
2026-09-06,2026-09-06 11:24:29.254,карта,ANON-0000-0000-0467,18.12,Эспрессо
2026-09-06,2026-09-06 20:00:12.025,карта,ANON-0000-0000-0283,32.82,Латте
2026-09-06,2026-09-06 21:09:31.247,карта,ANON-0000-0000-0507,32.82,Латте
2026-09-07,2026-09-07 08:48:57.014,карта,ANON-0000-0000-0592,32.82,Латте
2026-09-07,2026-09-07 09:52:02.999,карта,ANON-0000-0000-0543,23.02,Кортадо
2026-09-07,2026-09-07 09:53:03.575,карта,ANON-0000-0000-0543,23.02,Кортадо
2026-09-07,2026-09-07 09:54:41.613,карта,ANON-0000-0000-0593,23.02,Кортадо
2026-09-07,2026-09-07 09:57:47.652,карта,ANON-0000-0000-0276,27.92,Американо с молоком
2026-09-07,2026-09-07 09:59:02.310,карта,ANON-0000-0000-0276,27.92,Американо с молоком
2026-09-07,2026-09-07 10:00:19.683,карта,ANON-0000-0000-0141,23.02,Кортадо
2026-09-07,2026-09-07 10:22:44.518,карта,ANON-0000-0000-0594,23.02,Американо
2026-09-07,2026-09-07 10:37:52.335,карта,ANON-0000-0000-0595,18.12,Эспрессо
2026-09-07,2026-09-07 10:40:12.607,карта,ANON-0000-0000-0595,18.12,Эспрессо
2026-09-07,2026-09-07 10:53:32.221,карта,ANON-0000-0000-0596,32.82,Латте
2026-09-07,2026-09-07 11:18:56.767,карта,ANON-0000-0000-0012,27.92,Американо с молоком
2026-09-07,2026-09-07 11:20:00.022,карта,ANON-0000-0000-0019,23.02,Американо
2026-09-07,2026-09-07 11:20:57.101,карта,ANON-0000-0000-0012,18.12,Эспрессо
2026-09-07,2026-09-07 15:55:08.533,карта,ANON-0000-0000-0597,32.82,Латте
2026-09-07,2026-09-07 16:20:01.025,карта,ANON-0000-0000-0019,23.02,Американо
2026-09-07,2026-09-07 16:20:59.312,карта,ANON-0000-0000-0012,18.12,Эспрессо
2026-09-07,2026-09-07 19:35:04.937,карта,ANON-0000-0000-0283,32.82,Какао
2026-09-07,2026-09-07 19:36:05.056,карта,ANON-0000-0000-0283,32.82,Латте
2026-09-07,2026-09-07 19:37:15.515,карта,ANON-0000-0000-0283,32.82,Латте
2026-09-07,2026-09-07 20:13:51.672,карта,ANON-0000-0000-0598,32.82,Латте
2026-09-07,2026-09-07 20:14:59.212,карта,ANON-0000-0000-0598,32.82,Латте
2026-09-08,2026-09-08 08:15:40.805,карта,ANON-0000-0000-0141,23.02,Кортадо
2026-09-08,2026-09-08 09:18:17.027,карта,ANON-0000-0000-0543,23.02,Кортадо
2026-09-08,2026-09-08 09:19:12.416,карта,ANON-0000-0000-0543,23.02,Кортадо
2026-09-08,2026-09-08 10:05:56.145,карта,ANON-0000-0000-0543,23.02,Кортадо
2026-09-08,2026-09-08 12:43:28.027,карта,ANON-0000-0000-0486,23.02,Кортадо
2026-09-08,2026-09-08 20:13:32.864,карта,ANON-0000-0000-0347,23.02,Американо
2026-09-09,2026-09-09 07:51:13.564,карта,ANON-0000-0000-0599,32.82,Латте
2026-09-09,2026-09-09 07:53:51.556,карта,ANON-0000-0000-0582,32.82,Капучино
2026-09-09,2026-09-09 07:55:21.584,карта,ANON-0000-0000-0599,27.92,Американо с молоком
2026-09-09,2026-09-09 07:56:37.669,карта,ANON-0000-0000-0570,32.82,Латте
2026-09-09,2026-09-09 09:49:50.704,карта,ANON-0000-0000-0583,32.82,Латте
2026-09-09,2026-09-09 09:50:51.738,карта,ANON-0000-0000-0583,32.82,Горячий шоколад
2026-09-09,2026-09-09 09:59:10.750,карта,ANON-0000-0000-0494,32.82,Латте
2026-09-09,2026-09-09 11:11:36.122,карта,ANON-0000-0000-0600,27.92,Американо с молоком
2026-09-09,2026-09-09 11:12:50.640,карта,ANON-0000-0000-0601,27.92,Американо с молоком
2026-09-09,2026-09-09 11:29:49.243,карта,ANON-0000-0000-0602,32.82,Латте
2026-09-09,2026-09-09 12:06:59.657,карта,ANON-0000-0000-0603,18.12,Эспрессо
2026-09-09,2026-09-09 15:12:13.766,карта,ANON-0000-0000-0604,32.82,Латте
2026-09-09,2026-09-09 15:13:24.517,карта,ANON-0000-0000-0604,23.02,Американо
2026-09-09,2026-09-09 17:24:10.388,карта,ANON-0000-0000-0605,32.82,Латте
2026-09-09,2026-09-09 18:13:46.320,карта,ANON-0000-0000-0507,32.82,Латте
2026-09-09,2026-09-09 20:07:36.198,карта,ANON-0000-0000-0268,32.82,Капучино
2026-09-09,2026-09-09 20:13:43.524,карта,ANON-0000-0000-0606,32.82,Латте
2026-09-10,2026-09-10 08:12:02.450,карта,ANON-0000-0000-0607,32.82,Горячий шоколад
2026-09-10,2026-09-10 09:32:46.786,карта,ANON-0000-0000-0608,32.82,Капучино
2026-09-10,2026-09-10 15:21:54.387,карта,ANON-0000-0000-0543,23.02,Кортадо
2026-09-10,2026-09-10 15:23:05.946,карта,ANON-0000-0000-0543,23.02,Кортадо
2026-09-10,2026-09-10 18:43:41.760,карта,ANON-0000-0000-0609,32.82,Капучино
2026-09-10,2026-09-10 18:45:22.624,карта,ANON-0000-0000-0610,27.92,Американо с молоком
2026-09-10,2026-09-10 19:02:43.027,карта,ANON-0000-0000-0611,32.82,Латте
2026-09-10,2026-09-10 19:03:53.257,карта,ANON-0000-0000-0611,32.82,Латте
2026-09-10,2026-09-10 21:29:34.556,карта,ANON-0000-0000-0012,27.92,Американо с молоком
2026-09-10,2026-09-10 21:30:27.036,карта,ANON-0000-0000-0012,23.02,Американо
2026-09-11,2026-09-11 08:47:22.305,карта,ANON-0000-0000-0612,32.82,Латте
2026-09-11,2026-09-11 09:28:46.757,карта,ANON-0000-0000-0097,27.92,Американо с молоком
2026-09-11,2026-09-11 10:52:09.177,карта,ANON-0000-0000-0613,32.82,Латте
2026-09-11,2026-09-11 19:53:12.537,карта,ANON-0000-0000-0614,32.82,Капучино
2026-09-11,2026-09-11 20:13:14.887,карта,ANON-0000-0000-0531,27.92,Американо с молоком
2026-09-11,2026-09-11 20:14:18.886,карта,ANON-0000-0000-0531,32.82,Латте
2026-09-11,2026-09-11 20:15:19.350,карта,ANON-0000-0000-0531,32.82,Латте
2026-09-11,2026-09-11 21:01:34.225,карта,ANON-0000-0000-0584,23.02,Кортадо
2026-09-12,2026-09-12 10:57:25.619,карта,ANON-0000-0000-0347,18.12,Эспрессо
2026-09-12,2026-09-12 10:58:19.807,карта,ANON-0000-0000-0347,27.92,Американо с молоком
2026-09-12,2026-09-12 11:27:36.065,карта,ANON-0000-0000-0615,27.92,Американо с молоком
2026-09-12,2026-09-12 12:08:22.158,карта,ANON-0000-0000-0565,32.82,Капучино
2026-09-12,2026-09-12 12:31:06.997,карта,ANON-0000-0000-0616,23.02,Кортадо
2026-09-12,2026-09-12 12:32:22.981,карта,ANON-0000-0000-0616,23.02,Кортадо
2026-09-12,2026-09-12 12:37:20.423,карта,ANON-0000-0000-0141,23.02,Кортадо
2026-09-12,2026-09-12 12:38:09.735,карта,ANON-0000-0000-0141,23.02,Кортадо
2026-09-12,2026-09-12 17:01:25.224,карта,ANON-0000-0000-0617,32.82,Латте
2026-09-12,2026-09-12 21:09:10.412,карта,ANON-0000-0000-0618,23.02,Американо
2026-09-12,2026-09-12 21:10:21.159,карта,ANON-0000-0000-0618,32.82,Капучино
2026-09-12,2026-09-12 21:13:16.808,карта,ANON-0000-0000-0319,23.02,Кортадо
2026-09-13,2026-09-13 07:56:53.763,карта,ANON-0000-0000-0570,32.82,Латте
2026-09-13,2026-09-13 08:41:02.985,карта,ANON-0000-0000-0425,32.82,Латте
2026-09-13,2026-09-13 08:54:15.814,карта,ANON-0000-0000-0375,32.82,Латте
2026-09-13,2026-09-13 09:51:19.387,карта,ANON-0000-0000-0619,32.82,Латте
2026-09-13,2026-09-13 15:38:18.869,карта,ANON-0000-0000-0242,27.92,Американо с молоком
2026-09-13,2026-09-13 15:50:53.892,карта,ANON-0000-0000-0552,27.92,Американо с молоком
2026-09-14,2026-09-14 16:29:19.359,карта,ANON-0000-0000-0543,32.82,Капучино
2026-09-14,2026-09-14 16:30:16.873,карта,ANON-0000-0000-0543,32.82,Капучино
2026-09-15,2026-09-15 08:42:40.941,карта,ANON-0000-0000-0347,18.12,Эспрессо
2026-09-15,2026-09-15 09:49:38.741,карта,ANON-0000-0000-0620,27.92,Американо с молоком
2026-09-15,2026-09-15 13:49:37.387,карта,ANON-0000-0000-0304,23.02,Американо
2026-09-15,2026-09-15 14:36:19.287,карта,ANON-0000-0000-0141,23.02,Кортадо
2026-09-15,2026-09-15 14:37:20.597,карта,ANON-0000-0000-0141,23.02,Кортадо
2026-09-15,2026-09-15 14:53:18.708,карта,ANON-0000-0000-0543,32.82,Капучино
2026-09-16,2026-09-16 13:32:22.875,карта,ANON-0000-0000-0621,32.82,Латте
2026-09-16,2026-09-16 13:33:36.767,карта,ANON-0000-0000-0584,27.92,Американо с молоком
2026-09-16,2026-09-16 15:23:19.260,карта,ANON-0000-0000-0621,32.82,Латте
2026-09-16,2026-09-16 17:16:05.734,карта,ANON-0000-0000-0622,27.92,Американо с молоком
2026-09-16,2026-09-16 17:18:03.251,карта,ANON-0000-0000-0623,32.82,Латте
2026-09-16,2026-09-16 18:54:45.448,карта,ANON-0000-0000-0624,32.82,Латте
2026-09-16,2026-09-16 18:56:05.275,карта,ANON-0000-0000-0625,32.82,Латте
2026-09-16,2026-09-16 21:10:18.693,карта,ANON-0000-0000-0626,27.92,Американо с молоком
2026-09-16,2026-09-16 21:11:32.500,карта,ANON-0000-0000-0626,32.82,Латте
2026-09-16,2026-09-16 21:37:47.308,карта,ANON-0000-0000-0287,27.92,Американо с молоком
2026-09-16,2026-09-16 21:38:48.666,карта,ANON-0000-0000-0097,27.92,Американо с молоком
2026-09-17,2026-09-17 07:54:57.927,карта,ANON-0000-0000-0627,23.02,Кортадо
2026-09-17,2026-09-17 08:09:00.896,карта,ANON-0000-0000-0621,32.82,Латте
2026-09-17,2026-09-17 08:37:37.553,карта,ANON-0000-0000-0276,27.92,Американо с молоком
2026-09-17,2026-09-17 08:42:31.474,карта,ANON-0000-0000-0141,23.02,Кортадо
2026-09-17,2026-09-17 09:10:03.755,карта,ANON-0000-0000-0554,32.82,Капучино
2026-09-17,2026-09-17 09:11:08.221,карта,ANON-0000-0000-0554,27.92,Американо с молоком
2026-09-17,2026-09-17 09:34:56.760,карта,ANON-0000-0000-0620,27.92,Американо с молоком
2026-09-17,2026-09-17 12:38:33.768,карта,ANON-0000-0000-0628,18.12,Эспрессо
2026-09-17,2026-09-17 12:39:33.682,карта,ANON-0000-0000-0628,27.92,Американо с молоком
2026-09-17,2026-09-17 12:44:15.152,карта,ANON-0000-0000-0629,32.82,Латте
2026-09-17,2026-09-17 13:54:23.032,карта,ANON-0000-0000-0554,27.92,Американо с молоком
2026-09-17,2026-09-17 13:55:31.241,карта,ANON-0000-0000-0630,23.02,Кортадо
2026-09-17,2026-09-17 16:29:37.216,карта,ANON-0000-0000-0554,32.82,Капучино
2026-09-17,2026-09-17 16:31:00.716,карта,ANON-0000-0000-0630,32.82,Латте
2026-09-17,2026-09-17 18:54:23.783,карта,ANON-0000-0000-0631,32.82,Горячий шоколад
2026-09-17,2026-09-17 19:00:45.913,карта,ANON-0000-0000-0632,27.92,Американо с молоком
2026-09-17,2026-09-17 19:03:53.274,карта,ANON-0000-0000-0633,27.92,Американо с молоком
2026-09-17,2026-09-17 19:12:47.905,карта,ANON-0000-0000-0634,32.82,Латте
2026-09-17,2026-09-17 19:13:59.742,карта,ANON-0000-0000-0634,27.92,Американо с молоком
2026-09-17,2026-09-17 19:14:59.513,карта,ANON-0000-0000-0634,27.92,Американо с молоком
2026-09-17,2026-09-17 19:31:57.368,карта,ANON-0000-0000-0635,27.92,Американо с молоком
2026-09-17,2026-09-17 22:19:35.981,карта,ANON-0000-0000-0636,32.82,Горячий шоколад
2026-09-17,2026-09-17 22:20:19.450,карта,ANON-0000-0000-0637,32.82,Горячий шоколад
2026-09-18,2026-09-18 14:29:48.898,карта,ANON-0000-0000-0638,32.82,Латте
2026-09-18,2026-09-18 17:34:19.665,карта,ANON-0000-0000-0639,32.82,Латте
2026-09-18,2026-09-18 21:15:38.758,карта,ANON-0000-0000-0040,27.92,Американо с молоком
2026-09-18,2026-09-18 21:18:21.554,карта,ANON-0000-0000-0040,27.92,Американо с молоком
2026-09-19,2026-09-19 08:17:18.665,карта,ANON-0000-0000-0276,27.92,Американо с молоком
2026-09-19,2026-09-19 08:30:29.047,карта,ANON-0000-0000-0627,23.02,Кортадо
2026-09-19,2026-09-19 10:01:30.579,карта,ANON-0000-0000-0494,32.82,Латте
2026-09-19,2026-09-19 12:59:33.614,карта,ANON-0000-0000-0004,23.02,Американо
2026-09-19,2026-09-19 13:00:33.616,карта,ANON-0000-0000-0004,27.92,Американо с молоком
2026-09-19,2026-09-19 13:45:42.367,карта,ANON-0000-0000-0640,23.02,Кортадо
2026-09-20,2026-09-20 08:34:56.930,карта,ANON-0000-0000-0276,27.92,Американо с молоком
2026-09-20,2026-09-20 09:46:15.400,карта,ANON-0000-0000-0641,27.92,Американо с молоком
2026-09-20,2026-09-20 13:39:55.465,карта,ANON-0000-0000-0333,27.92,Американо с молоком
2026-09-20,2026-09-20 16:03:29.611,карта,ANON-0000-0000-0642,32.82,Латте
2026-09-20,2026-09-20 20:39:23.129,карта,ANON-0000-0000-0643,23.02,Американо
2026-09-20,2026-09-20 21:31:36.580,карта,ANON-0000-0000-0287,27.92,Американо с молоком
2026-09-20,2026-09-20 21:32:43.025,карта,ANON-0000-0000-0287,27.92,Американо с молоком
2026-09-21,2026-09-21 11:01:14.948,карта,ANON-0000-0000-0644,32.82,Латте
2026-09-21,2026-09-21 11:02:13.802,карта,ANON-0000-0000-0644,32.82,Какао
2026-09-21,2026-09-21 11:37:47.243,карта,ANON-0000-0000-0543,23.02,Кортадо
2026-09-21,2026-09-21 11:38:44.997,карта,ANON-0000-0000-0543,23.02,Кортадо
2026-09-21,2026-09-21 15:10:09.368,карта,ANON-0000-0000-0645,32.82,Капучино
2026-09-21,2026-09-21 15:36:13.609,карта,ANON-0000-0000-0646,32.82,Латте
2026-09-21,2026-09-21 18:16:28.701,карта,ANON-0000-0000-0507,32.82,Латте
2026-09-21,2026-09-21 18:17:30.686,карта,ANON-0000-0000-0507,32.82,Латте
2026-09-21,2026-09-21 20:29:42.939,карта,ANON-0000-0000-0040,23.02,Американо
2026-09-21,2026-09-21 20:30:38.882,карта,ANON-0000-0000-0040,23.02,Американо
2026-09-21,2026-09-21 20:33:58.175,карта,ANON-0000-0000-0602,32.82,Латте
2026-09-21,2026-09-21 20:35:30.169,карта,ANON-0000-0000-0602,32.82,Латте
2026-09-21,2026-09-21 22:18:46.088,карта,ANON-0000-0000-0647,27.92,Американо с молоком
2026-09-21,2026-09-21 22:19:50.128,карта,ANON-0000-0000-0647,23.02,Американо
2026-09-21,2026-09-21 22:20:48.360,карта,ANON-0000-0000-0647,23.02,Американо
2026-09-22,2026-09-22 08:32:54.172,карта,ANON-0000-0000-0648,23.02,Американо
2026-09-22,2026-09-22 10:12:09.764,карта,ANON-0000-0000-0649,27.92,Американо с молоком
2026-09-22,2026-09-22 10:13:08.586,карта,ANON-0000-0000-0649,32.82,Латте
2026-09-22,2026-09-22 11:06:26.307,карта,ANON-0000-0000-0650,23.02,Кортадо
2026-09-22,2026-09-22 11:07:36.380,карта,ANON-0000-0000-0650,23.02,Кортадо
2026-09-22,2026-09-22 11:51:59.888,карта,ANON-0000-0000-0651,27.92,Американо с молоком
2026-09-22,2026-09-22 11:55:12.923,карта,ANON-0000-0000-0099,23.02,Американо
2026-09-22,2026-09-22 12:07:20.767,карта,ANON-0000-0000-0276,27.92,Американо с молоком
2026-09-22,2026-09-22 13:28:14.663,карта,ANON-0000-0000-0333,27.92,Американо с молоком
2026-09-22,2026-09-22 13:29:35.917,карта,ANON-0000-0000-0333,27.92,Американо с молоком
2026-09-22,2026-09-22 13:33:34.561,карта,ANON-0000-0000-0510,27.92,Американо с молоком
2026-09-22,2026-09-22 15:34:10.099,карта,ANON-0000-0000-0652,32.82,Латте
2026-09-22,2026-09-22 15:35:24.234,карта,ANON-0000-0000-0652,27.92,Американо с молоком
2026-09-22,2026-09-22 16:25:03.468,карта,ANON-0000-0000-0653,32.82,Какао
2026-09-22,2026-09-22 20:19:10.082,карта,ANON-0000-0000-0654,32.82,Латте
2026-09-22,2026-09-22 20:20:35.589,карта,ANON-0000-0000-0654,32.82,Капучино
2026-09-22,2026-09-22 20:46:26.208,карта,ANON-0000-0000-0455,27.92,Американо с молоком
2026-09-22,2026-09-22 20:47:35.096,карта,ANON-0000-0000-0455,27.92,Американо с молоком
2026-09-22,2026-09-22 21:07:04.794,карта,ANON-0000-0000-0655,27.92,Американо с молоком
2026-09-22,2026-09-22 21:08:14.798,карта,ANON-0000-0000-0655,27.92,Американо с молоком
2026-09-22,2026-09-22 21:54:04.098,карта,ANON-0000-0000-0637,32.82,Горячий шоколад
2026-09-22,2026-09-22 21:54:54.497,карта,ANON-0000-0000-0637,32.82,Горячий шоколад
2026-09-22,2026-09-22 22:37:02.384,карта,ANON-0000-0000-0656,23.02,Американо
2026-09-22,2026-09-22 22:37:58.406,карта,ANON-0000-0000-0657,27.92,Американо с молоком
2026-09-23,2026-09-23 09:03:36.954,карта,ANON-0000-0000-0276,27.92,Американо с молоком
2026-09-23,2026-09-23 10:04:17.268,карта,ANON-0000-0000-0141,23.02,Кортадо
2026-09-23,2026-09-23 12:11:04.352,карта,ANON-0000-0000-0584,23.02,Американо
2026-09-23,2026-09-23 14:08:51.946,карта,ANON-0000-0000-0573,27.92,Американо с молоком
2026-09-23,2026-09-23 17:27:47.591,карта,ANON-0000-0000-0658,32.82,Капучино
2026-09-23,2026-09-23 18:48:30.436,карта,ANON-0000-0000-0659,23.02,Американо
2026-09-23,2026-09-23 19:47:21.950,карта,ANON-0000-0000-0507,32.82,Латте
2026-09-23,2026-09-23 20:09:45.867,карта,ANON-0000-0000-0206,32.82,Капучино
2026-09-23,2026-09-23 22:13:30.513,карта,ANON-0000-0000-0641,27.92,Американо с молоком
2026-09-23,2026-09-23 22:15:14.958,карта,ANON-0000-0000-0641,27.92,Американо с молоком
2026-09-24,2026-09-24 08:33:32.613,карта,ANON-0000-0000-0276,27.92,Американо с молоком
2026-09-24,2026-09-24 12:23:56.963,карта,ANON-0000-0000-0634,32.82,Латте
2026-09-24,2026-09-24 12:24:54.750,карта,ANON-0000-0000-0634,32.82,Латте
2026-09-24,2026-09-24 12:46:44.403,карта,ANON-0000-0000-0660,32.82,Латте
2026-09-24,2026-09-24 12:47:49.424,карта,ANON-0000-0000-0660,32.82,Латте
2026-09-24,2026-09-24 14:11:39.339,карта,ANON-0000-0000-0661,32.82,Латте
2026-09-24,2026-09-24 14:31:28.741,карта,ANON-0000-0000-0662,23.02,Кортадо
2026-09-24,2026-09-24 15:37:23.698,карта,ANON-0000-0000-0510,32.82,Капучино
2026-09-24,2026-09-24 16:38:48.296,карта,ANON-0000-0000-0583,32.82,Латте
2026-09-24,2026-09-24 18:43:02.935,карта,ANON-0000-0000-0408,23.02,Американо
2026-09-24,2026-09-24 18:43:54.082,карта,ANON-0000-0000-0408,23.02,Американо
2026-09-24,2026-09-24 20:15:50.396,карта,ANON-0000-0000-0663,32.82,Горячий шоколад
2026-09-24,2026-09-24 21:05:14.190,карта,ANON-0000-0000-0631,32.82,Латте
2026-09-24,2026-09-24 21:06:32.402,карта,ANON-0000-0000-0531,27.92,Американо с молоком
2026-09-24,2026-09-24 21:07:34.965,карта,ANON-0000-0000-0531,27.92,Американо с молоком
2026-09-25,2026-09-25 07:51:21.100,карта,ANON-0000-0000-0664,32.82,Капучино
2026-09-25,2026-09-25 11:35:32.533,карта,ANON-0000-0000-0141,23.02,Кортадо
2026-09-25,2026-09-25 11:51:15.212,карта,ANON-0000-0000-0665,27.92,Американо с молоком
2026-09-25,2026-09-25 11:52:53.371,карта,ANON-0000-0000-0665,32.82,Латте
2026-09-25,2026-09-25 13:54:51.454,карта,ANON-0000-0000-0666,27.92,Американо с молоком
2026-09-25,2026-09-25 13:55:59.258,карта,ANON-0000-0000-0666,27.92,Американо с молоком
2026-09-25,2026-09-25 17:36:37.182,карта,ANON-0000-0000-0667,27.92,Американо с молоком
2026-09-25,2026-09-25 17:37:31.840,карта,ANON-0000-0000-0667,27.92,Американо с молоком
2026-09-25,2026-09-25 21:34:41.289,карта,ANON-0000-0000-0668,23.02,Американо
2026-09-25,2026-09-25 22:18:51.754,карта,ANON-0000-0000-0475,27.92,Американо с молоком
2026-09-26,2026-09-26 08:43:35.049,карта,ANON-0000-0000-0570,32.82,Латте
2026-09-26,2026-09-26 10:37:06.485,карта,ANON-0000-0000-0333,27.92,Американо с молоком
2026-09-26,2026-09-26 10:55:52.407,карта,ANON-0000-0000-0669,18.12,Эспрессо
2026-09-26,2026-09-26 11:34:48.571,карта,ANON-0000-0000-0670,32.82,Капучино
2026-09-26,2026-09-26 12:48:01.368,карта,ANON-0000-0000-0671,32.82,Латте
2026-09-26,2026-09-26 18:21:55.733,карта,ANON-0000-0000-0672,32.82,Латте
2026-09-26,2026-09-26 22:45:15.081,карта,ANON-0000-0000-0673,32.82,Латте
2026-09-26,2026-09-26 22:46:17.637,карта,ANON-0000-0000-0673,23.02,Кортадо
2026-09-26,2026-09-26 22:47:24.867,карта,ANON-0000-0000-0472,27.92,Американо с молоком
2026-09-27,2026-09-27 09:29:45.646,карта,ANON-0000-0000-0276,27.92,Американо с молоком
2026-09-27,2026-09-27 09:33:43.977,карта,ANON-0000-0000-0141,23.02,Кортадо
2026-09-27,2026-09-27 09:41:04.732,карта,ANON-0000-0000-0674,32.82,Капучино
2026-09-27,2026-09-27 10:46:56.620,карта,ANON-0000-0000-0333,27.92,Американо с молоком
2026-09-27,2026-09-27 11:35:00.282,карта,ANON-0000-0000-0333,27.92,Американо с молоком
2026-09-27,2026-09-27 13:20:31.055,карта,ANON-0000-0000-0675,32.82,Капучино
2026-09-27,2026-09-27 13:25:05.272,карта,ANON-0000-0000-0676,32.82,Капучино
2026-09-27,2026-09-27 13:28:33.107,карта,ANON-0000-0000-0676,23.02,Американо
2026-09-27,2026-09-27 13:33:52.455,карта,ANON-0000-0000-0677,27.92,Американо с молоком
2026-09-27,2026-09-27 18:07:43.705,карта,ANON-0000-0000-0678,32.82,Латте
2026-09-27,2026-09-27 18:08:58.239,карта,ANON-0000-0000-0678,32.82,Латте
2026-09-27,2026-09-27 18:37:45.891,карта,ANON-0000-0000-0679,32.82,Капучино
2026-09-27,2026-09-27 18:40:53.757,карта,ANON-0000-0000-0680,32.82,Капучино
2026-09-27,2026-09-27 20:18:13.287,карта,ANON-0000-0000-0408,32.82,Капучино
2026-09-27,2026-09-27 20:19:14.319,карта,ANON-0000-0000-0408,32.82,Капучино
2026-09-27,2026-09-27 20:58:14.967,карта,ANON-0000-0000-0681,27.92,Американо с молоком
2026-09-28,2026-09-28 08:06:45.469,карта,ANON-0000-0000-0666,27.92,Американо с молоком
2026-09-28,2026-09-28 09:31:14.759,карта,ANON-0000-0000-0682,27.92,Американо с молоком
2026-09-28,2026-09-28 14:25:47.337,карта,ANON-0000-0000-0507,35.76,Латте
2026-09-28,2026-09-28 16:57:20.118,карта,ANON-0000-0000-0683,35.76,Латте
2026-09-28,2026-09-28 17:26:16.704,карта,ANON-0000-0000-0684,30.86,Американо с молоком
2026-09-28,2026-09-28 20:34:31.110,карта,ANON-0000-0000-0445,35.76,Латте
2026-09-28,2026-09-28 20:38:36.502,карта,ANON-0000-0000-0685,35.76,Латте
2026-09-28,2026-09-28 22:16:36.777,карта,ANON-0000-0000-0686,35.76,Капучино
2026-09-28,2026-09-28 22:17:29.587,карта,ANON-0000-0000-0686,35.76,Какао
2026-09-28,2026-09-28 22:18:16.072,карта,ANON-0000-0000-0687,25.96,Кортадо
2026-09-28,2026-09-28 22:19:13.029,карта,ANON-0000-0000-0687,35.76,Горячий шоколад
2026-09-29,2026-09-29 10:48:45.050,карта,ANON-0000-0000-0467,25.96,Американо
2026-09-29,2026-09-29 10:50:05.258,карта,ANON-0000-0000-0172,35.76,Капучино
2026-09-29,2026-09-29 10:51:03.253,карта,ANON-0000-0000-0172,35.76,Капучино
2026-09-29,2026-09-29 10:52:23.021,карта,ANON-0000-0000-0172,35.76,Капучино
2026-09-29,2026-09-29 10:53:42.331,карта,ANON-0000-0000-0333,30.86,Американо с молоком
2026-09-29,2026-09-29 12:35:43.442,карта,ANON-0000-0000-0683,35.76,Латте
2026-09-29,2026-09-29 12:50:58.444,карта,ANON-0000-0000-0141,25.96,Кортадо
2026-09-29,2026-09-29 12:54:15.385,карта,ANON-0000-0000-0602,35.76,Латте
2026-09-29,2026-09-29 12:55:21.637,карта,ANON-0000-0000-0688,35.76,Латте
2026-09-29,2026-09-29 18:02:27.296,карта,ANON-0000-0000-0689,35.76,Капучино
2026-09-29,2026-09-29 22:31:02.815,карта,ANON-0000-0000-0690,35.76,Латте
2026-09-30,2026-09-30 08:08:47.516,карта,ANON-0000-0000-0141,25.96,Кортадо
2026-09-30,2026-09-30 08:58:54.669,карта,ANON-0000-0000-0691,25.96,Кортадо
2026-09-30,2026-09-30 09:00:04.917,карта,ANON-0000-0000-0692,35.76,Горячий шоколад
2026-09-30,2026-09-30 10:01:09.168,карта,ANON-0000-0000-0276,30.86,Американо с молоком
2026-09-30,2026-09-30 10:05:18.351,карта,ANON-0000-0000-0141,25.96,Кортадо
2026-09-30,2026-09-30 11:32:54.558,карта,ANON-0000-0000-0693,30.86,Американо с молоком
2026-09-30,2026-09-30 16:45:44.460,карта,ANON-0000-0000-0333,30.86,Американо с молоком
2026-09-30,2026-09-30 19:32:18.200,карта,ANON-0000-0000-0507,35.76,Латте
2026-09-30,2026-09-30 19:53:14.092,карта,ANON-0000-0000-0694,30.86,Американо с молоком
2026-09-30,2026-09-30 19:54:17.620,карта,ANON-0000-0000-0694,25.96,Кортадо
2026-09-30,2026-09-30 19:59:18.993,карта,ANON-0000-0000-0631,35.76,Латте
2026-09-30,2026-09-30 20:00:42.135,карта,ANON-0000-0000-0531,30.86,Американо с молоком
2026-09-30,2026-09-30 20:01:42.191,карта,ANON-0000-0000-0633,30.86,Американо с молоком
2026-09-30,2026-09-30 21:41:07.527,карта,ANON-0000-0000-0695,30.86,Американо с молоком
